Customer_ID,Customer_Name,Customer_Phone,Customer_Email,Customer_Address
1086,Customer 200,+1-652-572-9306,customer.200.78@example.com,"275 Second St, Phoenix, USA"
1078,Customer 321,+1-311-186-5760,customer.321.13@sample.com,"478 Third St, New York, USA"
1077,Customer 989,+1-922-606-9032,customer.989.99@example.com,"843 Second St, Phoenix, USA"
1027,Customer 682,+1-237-853-5808,customer.682.66@demo.com,"153 Main St, Phoenix, USA"
1052,Customer 484,+1-986-360-9109,customer.484.3@sample.com,"264 Second St, New York, USA"
1074,Customer 483,+1-775-800-3339,customer.483.31@example.com,"629 Third St, Los Angeles, USA"
1061,Customer 757,+1-994-460-4335,customer.757.80@demo.com,"598 Main St, Los Angeles, USA"
1040,Customer 985,+1-995-296-7191,customer.985.31@demo.com,"387 Main St, Los Angeles, USA"
1014,Customer 795,+1-433-242-4481,customer.795.34@sample.com,"130 Third St, Los Angeles, USA"
1040,Customer 459,+1-896-264-5828,customer.459.35@demo.com,"526 Third St, Phoenix, USA"
1039,Customer 826,+1-833-316-1097,customer.826.85@demo.com,"420 Third St, Chicago, USA"
1080,Customer 116,+1-942-543-7496,customer.116.38@demo.com,"932 Second St, New York, USA"
1076,Customer 417,+1-948-130-2697,customer.417.51@example.com,"755 Park Ave, Phoenix, USA"
1097,Customer 367,+1-797-793-8108,customer.367.34@sample.com,"507 Main St, Houston, USA"
1070,Customer 233,+1-733-608-8796,customer.233.76@sample.com,"671 Second St, New York, USA"
1099,Customer 191,+1-667-172-9201,customer.191.31@sample.com,"725 Second St, Houston, USA"
1056,Customer 891,+1-127-659-4236,customer.891.33@example.com,"482 Park Ave, New York, USA"
1021,Customer 770,+1-149-843-8592,customer.770.4@example.com,"886 Third St, New York, USA"
1036,Customer 387,+1-887-241-5885,customer.387.11@sample.com,"606 Fourth St, Los Angeles, USA"
1099,Customer 641,+1-939-202-2164,customer.641.70@demo.com,"250 Park Ave, Phoenix, USA"
1020,Customer 278,+1-947-594-3025,customer.278.41@demo.com,"640 Fourth St, Los Angeles, USA"
1096,Customer 649,+1-493-921-4569,customer.649.29@demo.com,"670 Fourth St, Los Angeles, USA"
1046,Customer 599,+1-463-466-2658,customer.599.44@example.com,"9 Park Ave, Los Angeles, USA"
1026,Customer 516,+1-947-615-3413,customer.516.6@demo.com,"721 Park Ave, Los Angeles, USA"
1018,Customer 871,+1-390-268-7586,customer.871.19@sample.com,"185 Third St, New York, USA"
1062,Customer 46,+1-487-321-1989,customer.46.98@sample.com,"522 Park Ave, Los Angeles, USA"
1053,Customer 481,+1-128-201-1615,customer.481.48@sample.com,"634 Fourth St, Houston, USA"
1100,Customer 671,+1-883-343-7369,customer.671.44@sample.com,"226 Third St, Houston, USA"
1025,Customer 744,+1-563-455-7993,customer.744.48@sample.com,"27 Main St, Phoenix, USA"
1006,Customer 375,+1-835-279-8349,customer.375.58@sample.com,"215 Main St, Houston, USA"
1054,Customer 717,+1-925-588-8548,customer.717.83@sample.com,"784 Second St, Los Angeles, USA"
1005,Customer 136,+1-296-124-1713,customer.136.62@sample.com,"378 Fourth St, Los Angeles, USA"
1036,Customer 166,+1-146-441-8409,customer.166.17@demo.com,"130 Fourth St, Phoenix, USA"
1081,Customer 651,+1-151-114-4395,customer.651.72@example.com,"679 Second St, New York, USA"
1012,Customer 779,+1-222-424-8848,customer.779.96@sample.com,"668 Main St, Chicago, USA"
1004,Customer 902,+1-255-592-9077,customer.902.21@sample.com,"844 Park Ave, Chicago, USA"
1070,Customer 228,+1-985-266-8915,customer.228.51@example.com,"238 Third St, New York, USA"
1074,Customer 34,+1-590-575-8430,customer.34.53@sample.com,"174 Second St, Los Angeles, USA"
1007,Customer 612,+1-353-498-3172,customer.612.65@sample.com,"529 Second St, Houston, USA"
1070,Customer 234,+1-195-845-9770,customer.234.55@demo.com,"522 Third St, Los Angeles, USA"
1092,Customer 50,+1-820-771-8159,customer.50.82@example.com,"917 Main St, New York, USA"
1085,Customer 8,+1-732-418-8559,customer.8.54@example.com,"599 Fourth St, Los Angeles, USA"
1064,Customer 330,+1-864-296-9833,customer.330.49@demo.com,"733 Fourth St, New York, USA"
1040,Customer 822,+1-805-721-3113,customer.822.39@example.com,"786 Second St, New York, USA"
1082,Customer 804,+1-773-703-7143,customer.804.74@demo.com,"358 Park Ave, Los Angeles, USA"
1048,Customer 875,+1-495-388-2235,customer.875.23@example.com,"470 Main St, Phoenix, USA"
1003,Customer 932,+1-807-302-5142,customer.932.26@demo.com,"993 Fourth St, New York, USA"
1011,Customer 336,+1-526-586-7347,customer.336.80@sample.com,"37 Third St, Phoenix, USA"
1049,Customer 881,+1-431-747-1862,customer.881.52@example.com,"540 Third St, Phoenix, USA"
1075,Customer 322,+1-961-798-7940,customer.322.9@sample.com,"458 Third St, Los Angeles, USA"
1062,Customer 980,+1-543-780-8216,customer.980.76@example.com,"542 Second St, Chicago, USA"
1070,Customer 374,+1-851-236-5862,customer.374.50@example.com,"492 Park Ave, Houston, USA"
1026,Customer 54,+1-464-770-4865,customer.54.13@demo.com,"804 Park Ave, Houston, USA"
1097,Customer 997,+1-559-227-1716,customer.997.48@example.com,"646 Main St, Houston, USA"
1099,Customer 169,+1-913-160-3211,customer.169.50@sample.com,"87 Third St, New York, USA"
1069,Customer 427,+1-620-133-5323,customer.427.12@example.com,"498 Second St, Chicago, USA"
1059,Customer 801,+1-854-646-4405,customer.801.8@sample.com,"642 Main St, New York, USA"
1008,Customer 592,+1-641-491-3279,customer.592.37@sample.com,"781 Main St, Los Angeles, USA"
1062,Customer 764,+1-407-543-3473,customer.764.39@example.com,"638 Third St, Los Angeles, USA"
1093,Customer 853,+1-847-925-2586,customer.853.89@example.com,"88 Park Ave, Chicago, USA"
1018,Customer 211,+1-484-982-1064,customer.211.80@sample.com,"946 Third St, Phoenix, USA"
1038,Customer 493,+1-729-976-2630,customer.493.68@demo.com,"815 Second St, Phoenix, USA"
1017,Customer 930,+1-801-262-3640,customer.930.18@sample.com,"804 Fourth St, Phoenix, USA"
1005,Customer 916,+1-654-553-1662,customer.916.33@example.com,"657 Main St, Phoenix, USA"
1002,Customer 701,+1-325-284-4011,customer.701.52@sample.com,"337 Third St, New York, USA"
1052,Customer 88,+1-804-498-6465,customer.88.83@sample.com,"495 Park Ave, Chicago, USA"
1073,Customer 937,+1-835-362-2449,customer.937.86@sample.com,"387 Main St, Phoenix, USA"
1097,Customer 364,+1-544-186-9116,customer.364.83@example.com,"38 Second St, Houston, USA"
1059,Customer 885,+1-704-232-2162,customer.885.69@example.com,"69 Third St, Phoenix, USA"
1011,Customer 462,+1-151-228-6254,customer.462.3@demo.com,"975 Second St, New York, USA"
1040,Customer 301,+1-891-187-2649,customer.301.25@sample.com,"795 Second St, Chicago, USA"
1037,Customer 886,+1-768-592-1846,customer.886.11@sample.com,"758 Fourth St, Chicago, USA"
1061,Customer 528,+1-301-219-8979,customer.528.24@example.com,"995 Park Ave, Phoenix, USA"
1083,Customer 569,+1-113-958-3293,customer.569.27@demo.com,"564 Main St, Phoenix, USA"
1016,Customer 787,+1-568-209-7496,customer.787.40@demo.com,"524 Fourth St, Los Angeles, USA"
1047,Customer 762,+1-429-969-5858,customer.762.21@demo.com,"451 Main St, Los Angeles, USA"
1008,Customer 120,+1-214-150-6488,customer.120.92@example.com,"796 Third St, New York, USA"
1023,Customer 614,+1-661-704-3939,customer.614.58@sample.com,"542 Third St, Chicago, USA"
1068,Customer 938,+1-265-791-9619,customer.938.79@sample.com,"358 Third St, Houston, USA"
1041,Customer 460,+1-680-920-9315,customer.460.60@demo.com,"930 Main St, Phoenix, USA"
1083,Customer 217,+1-562-685-5470,customer.217.51@demo.com,"723 Park Ave, Phoenix, USA"
1063,Customer 10,+1-387-912-7521,customer.10.74@demo.com,"443 Fourth St, Phoenix, USA"
1095,Customer 51,+1-507-618-1268,customer.51.59@example.com,"440 Main St, Phoenix, USA"
1098,Customer 688,+1-443-596-4484,customer.688.28@demo.com,"233 Second St, Chicago, USA"
1055,Customer 243,+1-408-477-9327,customer.243.94@sample.com,"849 Third St, Los Angeles, USA"
1079,Customer 961,+1-926-340-5318,customer.961.33@sample.com,"973 Fourth St, Los Angeles, USA"
1075,Customer 265,+1-196-246-8349,customer.265.28@demo.com,"351 Second St, Houston, USA"
1086,Customer 525,+1-614-306-1947,customer.525.44@demo.com,"371 Park Ave, Los Angeles, USA"
1018,Customer 967,+1-367-225-4749,customer.967.96@sample.com,"716 Third St, Chicago, USA"
1003,Customer 245,+1-913-641-5221,customer.245.88@sample.com,"880 Third St, Los Angeles, USA"
1026,Customer 346,+1-862-232-7755,customer.346.24@example.com,"4 Fourth St, Phoenix, USA"
1057,Customer 390,+1-619-697-8512,customer.390.49@sample.com,"839 Third St, Houston, USA"
1051,Customer 133,+1-216-557-3021,customer.133.4@example.com,"144 Second St, Los Angeles, USA"
1056,Customer 159,+1-548-230-8512,customer.159.18@demo.com,"50 Third St, New York, USA"
1051,Customer 378,+1-270-683-5786,customer.378.54@sample.com,"666 Park Ave, Houston, USA"
1078,Customer 458,+1-837-459-5864,customer.458.57@sample.com,"906 Second St, New York, USA"
1009,Customer 653,+1-795-971-9198,customer.653.25@demo.com,"894 Park Ave, Los Angeles, USA"
1025,Customer 831,+1-199-989-3623,customer.831.50@sample.com,"599 Second St, New York, USA"
1020,Customer 626,+1-468-932-1348,customer.626.19@demo.com,"522 Second St, Chicago, USA"
1038,Customer 431,+1-860-627-3122,customer.431.48@sample.com,"420 Main St, Houston, USA"
1099,Customer 923,+1-350-990-3483,customer.923.16@example.com,"256 Third St, New York, USA"
1095,Customer 315,+1-242-161-2154,customer.315.81@sample.com,"961 Main St, Houston, USA"
1092,Customer 526,+1-493-120-2828,customer.526.48@sample.com,"378 Park Ave, Chicago, USA"
1070,Customer 667,+1-753-530-2933,customer.667.55@sample.com,"738 Third St, Phoenix, USA"
1024,Customer 311,+1-135-946-5517,customer.311.1@example.com,"691 Fourth St, Phoenix, USA"
1011,Customer 627,+1-605-742-5333,customer.627.71@sample.com,"370 Fourth St, Chicago, USA"
1054,Customer 908,+1-723-210-9775,customer.908.1@demo.com,"302 Main St, Houston, USA"
1047,Customer 553,+1-189-690-8607,customer.553.92@sample.com,"108 Park Ave, New York, USA"
1033,Customer 724,+1-615-833-2985,customer.724.84@demo.com,"754 Fourth St, Los Angeles, USA"
1034,Customer 498,+1-807-278-6167,customer.498.37@sample.com,"970 Fourth St, Houston, USA"
1022,Customer 331,+1-342-923-1723,customer.331.58@example.com,"915 Main St, Houston, USA"
1004,Customer 45,+1-969-186-9125,customer.45.38@example.com,"50 Fourth St, New York, USA"
1035,Customer 327,+1-229-391-3959,customer.327.14@sample.com,"62 Third St, Los Angeles, USA"
1092,Customer 555,+1-407-201-6412,customer.555.8@demo.com,"656 Park Ave, Chicago, USA"
1003,Customer 565,+1-314-409-8549,customer.565.70@demo.com,"30 Fourth St, New York, USA"
1092,Customer 574,+1-458-819-4187,customer.574.31@example.com,"66 Park Ave, Los Angeles, USA"
1039,Customer 890,+1-118-660-1471,customer.890.24@sample.com,"873 Fourth St, New York, USA"
1068,Customer 449,+1-603-184-1930,customer.449.63@demo.com,"87 Main St, Houston, USA"
1070,Customer 509,+1-727-235-9468,customer.509.65@demo.com,"133 Third St, Los Angeles, USA"
1073,Customer 735,+1-405-971-6710,customer.735.66@sample.com,"457 Second St, Chicago, USA"
1031,Customer 684,+1-679-283-4266,customer.684.14@example.com,"423 Main St, New York, USA"
1014,Customer 71,+1-339-315-1176,customer.71.90@example.com,"652 Main St, Los Angeles, USA"
1062,Customer 730,+1-236-346-9632,customer.730.7@sample.com,"389 Main St, Chicago, USA"
1025,Customer 124,+1-778-534-3824,customer.124.57@example.com,"374 Third St, Phoenix, USA"
1088,Customer 931,+1-269-400-3421,customer.931.35@demo.com,"344 Main St, Phoenix, USA"
1088,Customer 882,+1-531-295-4795,customer.882.42@demo.com,"687 Main St, Los Angeles, USA"
1047,Customer 624,+1-546-713-3866,customer.624.56@demo.com,"108 Third St, Chicago, USA"
1030,Customer 546,+1-559-988-3968,customer.546.11@sample.com,"36 Second St, New York, USA"
1059,Customer 755,+1-275-528-2910,customer.755.93@demo.com,"162 Park Ave, Chicago, USA"
1092,Customer 591,+1-359-186-4903,customer.591.72@example.com,"474 Second St, Chicago, USA"
1033,Customer 990,+1-900-267-4042,customer.990.19@example.com,"559 Third St, New York, USA"
1004,Customer 122,+1-987-949-8980,customer.122.83@demo.com,"678 Fourth St, Phoenix, USA"
1037,Customer 873,+1-854-926-9148,customer.873.97@sample.com,"335 Fourth St, Houston, USA"
1060,Customer 620,+1-976-679-8537,customer.620.14@demo.com,"519 Second St, Los Angeles, USA"
1039,Customer 372,+1-912-880-2178,customer.372.83@example.com,"943 Second St, Los Angeles, USA"
1072,Customer 354,+1-784-434-4283,customer.354.91@demo.com,"266 Third St, New York, USA"
1092,Customer 697,+1-963-846-4598,customer.697.81@demo.com,"54 Main St, New York, USA"
1093,Customer 829,+1-662-557-3223,customer.829.83@demo.com,"400 Third St, Chicago, USA"
1088,Customer 583,+1-429-757-3669,customer.583.85@demo.com,"533 Fourth St, Houston, USA"
1067,Customer 125,+1-326-762-5363,customer.125.73@example.com,"67 Second St, Houston, USA"
1027,Customer 128,+1-944-139-1181,customer.128.97@example.com,"886 Main St, Los Angeles, USA"
1061,Customer 887,+1-169-915-4086,customer.887.91@demo.com,"621 Main St, New York, USA"
1017,Customer 789,+1-981-513-5797,customer.789.68@demo.com,"304 Fourth St, Los Angeles, USA"
1021,Customer 709,+1-896-732-5441,customer.709.65@sample.com,"228 Third St, Chicago, USA"
1085,Customer 70,+1-527-450-8275,customer.70.20@example.com,"241 Fourth St, New York, USA"
1036,Customer 618,+1-288-923-8084,customer.618.1@sample.com,"968 Park Ave, Houston, USA"
1057,Customer 262,+1-771-319-9548,customer.262.51@example.com,"906 Main St, Los Angeles, USA"
1027,Customer 426,+1-841-863-1248,customer.426.51@demo.com,"719 Third St, Houston, USA"
1082,Customer 777,+1-361-392-2793,customer.777.78@example.com,"868 Fourth St, Houston, USA"
1042,Customer 840,+1-470-356-2720,customer.840.90@demo.com,"27 Park Ave, Houston, USA"
1032,Customer 48,+1-539-274-7023,customer.48.64@example.com,"427 Third St, New York, USA"
1035,Customer 594,+1-370-188-9657,customer.594.80@demo.com,"548 Main St, New York, USA"
1014,Customer 605,+1-235-504-4024,customer.605.99@example.com,"202 Second St, New York, USA"
1072,Customer 379,+1-269-258-7590,customer.379.32@sample.com,"535 Second St, Phoenix, USA"
1024,Customer 643,+1-979-609-9858,customer.643.72@example.com,"71 Fourth St, Houston, USA"
1085,Customer 518,+1-812-485-9464,customer.518.46@sample.com,"869 Third St, New York, USA"
1081,Customer 976,+1-675-978-1449,customer.976.95@example.com,"784 Third St, Phoenix, USA"
1012,Customer 884,+1-301-974-6849,customer.884.69@example.com,"634 Main St, Los Angeles, USA"
1001,Customer 472,+1-150-546-8437,customer.472.57@example.com,"554 Third St, New York, USA"
1037,Customer 969,+1-787-166-8055,customer.969.2@demo.com,"318 Second St, Chicago, USA"
1036,Customer 706,+1-914-187-6182,customer.706.58@sample.com,"277 Second St, Los Angeles, USA"
1087,Customer 630,+1-300-241-9086,customer.630.61@sample.com,"905 Main St, New York, USA"
1085,Customer 38,+1-394-534-7731,customer.38.10@demo.com,"596 Park Ave, Los Angeles, USA"
1021,Customer 135,+1-333-474-6969,customer.135.23@example.com,"692 Park Ave, Los Angeles, USA"
1070,Customer 774,+1-914-436-1891,customer.774.32@sample.com,"256 Fourth St, Los Angeles, USA"
1090,Customer 152,+1-792-763-7723,customer.152.54@example.com,"605 Second St, Houston, USA"
1071,Customer 507,+1-672-408-2561,customer.507.63@example.com,"308 Fourth St, Los Angeles, USA"
1034,Customer 107,+1-746-389-8711,customer.107.42@sample.com,"186 Second St, Chicago, USA"
1006,Customer 23,+1-227-436-3995,customer.23.93@demo.com,"864 Park Ave, Houston, USA"
1084,Customer 522,+1-410-511-9933,customer.522.9@sample.com,"30 Park Ave, Chicago, USA"
1078,Customer 369,+1-817-753-2466,customer.369.18@sample.com,"410 Second St, Houston, USA"
1063,Customer 527,+1-626-442-7861,customer.527.6@example.com,"267 Park Ave, Houston, USA"
1005,Customer 413,+1-266-491-8804,customer.413.64@sample.com,"951 Fourth St, Los Angeles, USA"
1051,Customer 704,+1-365-751-6917,customer.704.43@example.com,"272 Main St, Phoenix, USA"
1077,Customer 111,+1-595-870-1248,customer.111.88@demo.com,"554 Second St, Los Angeles, USA"
1070,Customer 968,+1-653-991-3503,customer.968.14@sample.com,"178 Second St, Houston, USA"
1012,Customer 438,+1-320-461-2104,customer.438.67@demo.com,"732 Third St, Chicago, USA"
1065,Customer 876,+1-788-120-5411,customer.876.41@demo.com,"738 Fourth St, New York, USA"
1024,Customer 242,+1-140-963-6892,customer.242.30@demo.com,"184 Third St, New York, USA"
1004,Customer 256,+1-452-490-1347,customer.256.95@example.com,"532 Second St, Los Angeles, USA"
1067,Customer 943,+1-142-341-2577,customer.943.29@demo.com,"650 Third St, Los Angeles, USA"
1013,Customer 844,+1-155-840-9273,customer.844.62@sample.com,"597 Second St, Houston, USA"
1052,Customer 221,+1-637-829-2416,customer.221.83@sample.com,"496 Fourth St, New York, USA"
1078,Customer 179,+1-148-166-3076,customer.179.3@demo.com,"263 Main St, Houston, USA"
1032,Customer 933,+1-562-769-5503,customer.933.85@example.com,"701 Park Ave, Phoenix, USA"
1049,Customer 543,+1-158-537-6547,customer.543.18@demo.com,"368 Park Ave, Phoenix, USA"
1007,Customer 377,+1-296-625-2292,customer.377.49@demo.com,"214 Second St, Houston, USA"
1087,Customer 584,+1-375-821-6717,customer.584.76@example.com,"862 Park Ave, Houston, USA"
1089,Customer 443,+1-339-460-9898,customer.443.70@sample.com,"29 Park Ave, Los Angeles, USA"
1037,Customer 286,+1-338-971-3500,customer.286.39@sample.com,"995 Main St, Los Angeles, USA"
1099,Customer 815,+1-977-840-3993,customer.815.16@sample.com,"839 Fourth St, Los Angeles, USA"
1093,Customer 803,+1-116-325-6848,customer.803.61@demo.com,"891 Second St, New York, USA"
1021,Customer 478,+1-628-784-5045,customer.478.69@example.com,"6 Fourth St, Houston, USA"
1038,Customer 962,+1-847-764-1467,customer.962.97@demo.com,"977 Park Ave, Houston, USA"
1004,Customer 235,+1-987-317-9464,customer.235.73@demo.com,"819 Fourth St, Chicago, USA"
1045,Customer 693,+1-360-222-5326,customer.693.24@sample.com,"420 Third St, Houston, USA"
1090,Customer 966,+1-473-753-2486,customer.966.54@example.com,"257 Park Ave, New York, USA"
1098,Customer 940,+1-963-206-5049,customer.940.35@demo.com,"72 Park Ave, Chicago, USA"
1052,Customer 170,+1-624-371-7276,customer.170.40@demo.com,"669 Main St, New York, USA"
1068,Customer 883,+1-608-546-1527,customer.883.68@demo.com,"539 Third St, Phoenix, USA"
1030,Customer 842,+1-147-698-3066,customer.842.13@demo.com,"490 Main St, New York, USA"
1006,Customer 108,+1-984-138-1938,customer.108.9@sample.com,"640 Third St, New York, USA"
1097,Customer 571,+1-133-118-5073,customer.571.72@demo.com,"225 Park Ave, Los Angeles, USA"
1052,Customer 901,+1-271-185-6305,customer.901.6@sample.com,"628 Fourth St, Phoenix, USA"
1065,Customer 3,+1-875-173-8583,customer.3.40@demo.com,"615 Main St, Chicago, USA"
1059,Customer 585,+1-655-181-9022,customer.585.39@sample.com,"567 Second St, Houston, USA"
1049,Customer 756,+1-832-541-5609,customer.756.18@sample.com,"233 Park Ave, New York, USA"
1056,Customer 226,+1-467-150-4969,customer.226.17@demo.com,"833 Park Ave, New York, USA"
1040,Customer 476,+1-964-985-9066,customer.476.98@sample.com,"277 Main St, Los Angeles, USA"
1044,Customer 754,+1-841-605-8143,customer.754.48@example.com,"791 Park Ave, Phoenix, USA"
1002,Customer 622,+1-536-306-1543,customer.622.43@demo.com,"433 Third St, Chicago, USA"
1081,Customer 95,+1-506-206-5268,customer.95.90@example.com,"480 Main St, New York, USA"
1098,Customer 949,+1-444-859-6828,customer.949.67@demo.com,"258 Third St, Chicago, USA"
1086,Customer 793,+1-131-747-9951,customer.793.71@demo.com,"201 Third St, Houston, USA"
1079,Customer 878,+1-222-973-4683,customer.878.31@example.com,"181 Fourth St, Phoenix, USA"
1028,Customer 973,+1-117-914-5509,customer.973.8@example.com,"959 Second St, Phoenix, USA"
1042,Customer 836,+1-488-180-5497,customer.836.33@sample.com,"483 Main St, New York, USA"
1008,Customer 579,+1-242-131-5364,customer.579.49@example.com,"459 Fourth St, Chicago, USA"
1087,Customer 648,+1-968-116-6413,customer.648.5@sample.com,"849 Third St, Los Angeles, USA"
1065,Customer 60,+1-715-728-7613,customer.60.80@sample.com,"989 Second St, Los Angeles, USA"
1051,Customer 371,+1-683-387-5426,customer.371.32@sample.com,"473 Second St, Phoenix, USA"
1055,Customer 564,+1-898-822-4091,customer.564.64@sample.com,"255 Fourth St, New York, USA"
1064,Customer 193,+1-786-612-4037,customer.193.23@sample.com,"763 Second St, Chicago, USA"
1005,Customer 956,+1-389-902-9425,customer.956.10@demo.com,"241 Third St, Houston, USA"
1081,Customer 650,+1-318-333-2925,customer.650.98@example.com,"595 Fourth St, Phoenix, USA"
1034,Customer 674,+1-480-724-6171,customer.674.23@example.com,"701 Fourth St, Phoenix, USA"
1026,Customer 791,+1-821-397-4354,customer.791.84@demo.com,"511 Fourth St, Chicago, USA"
1081,Customer 729,+1-445-731-3945,customer.729.2@example.com,"100 Main St, Chicago, USA"
1094,Customer 750,+1-942-195-9036,customer.750.78@sample.com,"946 Second St, Houston, USA"
1047,Customer 67,+1-424-766-6718,customer.67.85@example.com,"793 Fourth St, New York, USA"
1087,Customer 679,+1-105-341-1978,customer.679.83@sample.com,"981 Second St, New York, USA"
1053,Customer 690,+1-788-556-7844,customer.690.52@example.com,"557 Third St, Chicago, USA"
1043,Customer 742,+1-294-368-4090,customer.742.67@sample.com,"764 Fourth St, Phoenix, USA"
1065,Customer 863,+1-292-780-1915,customer.863.16@example.com,"487 Park Ave, New York, USA"
1057,Customer 855,+1-943-350-8975,customer.855.97@demo.com,"589 Third St, Chicago, USA"
1072,Customer 433,+1-173-353-4089,customer.433.25@demo.com,"33 Park Ave, Phoenix, USA"
1022,Customer 141,+1-918-690-1443,customer.141.22@example.com,"825 Second St, New York, USA"
1030,Customer 859,+1-581-949-6073,customer.859.76@demo.com,"668 Second St, Los Angeles, USA"
1090,Customer 147,+1-683-318-3953,customer.147.83@sample.com,"574 Park Ave, Phoenix, USA"
1025,Customer 860,+1-613-420-6416,customer.860.54@demo.com,"358 Park Ave, Los Angeles, USA"
1084,Customer 303,+1-877-828-3478,customer.303.36@example.com,"856 Fourth St, Phoenix, USA"
1016,Customer 119,+1-552-518-4656,customer.119.30@sample.com,"584 Main St, Chicago, USA"
1025,Customer 490,+1-797-825-1305,customer.490.49@sample.com,"331 Main St, Chicago, USA"
1029,Customer 97,+1-651-546-6758,customer.97.59@sample.com,"603 Park Ave, Houston, USA"
1040,Customer 216,+1-828-495-6620,customer.216.83@example.com,"964 Main St, Phoenix, USA"
1062,Customer 872,+1-755-283-4116,customer.872.70@sample.com,"673 Fourth St, Los Angeles, USA"
1010,Customer 858,+1-960-594-9813,customer.858.35@demo.com,"546 Main St, Phoenix, USA"
1029,Customer 662,+1-649-417-5629,customer.662.82@example.com,"655 Main St, Los Angeles, USA"
1062,Customer 347,+1-783-898-7262,customer.347.46@example.com,"500 Fourth St, New York, USA"
1047,Customer 479,+1-712-285-9117,customer.479.89@demo.com,"954 Main St, New York, USA"
1018,Customer 352,+1-769-944-1684,customer.352.24@demo.com,"984 Park Ave, Phoenix, USA"
1005,Customer 28,+1-932-601-2825,customer.28.62@sample.com,"774 Third St, New York, USA"
1034,Customer 214,+1-377-793-7659,customer.214.56@example.com,"877 Third St, Houston, USA"
1012,Customer 752,+1-101-311-5675,customer.752.81@sample.com,"685 Third St, Chicago, USA"
1056,Customer 173,+1-609-475-1473,customer.173.64@example.com,"403 Main St, Los Angeles, USA"
1006,Customer 258,+1-842-325-7566,customer.258.22@sample.com,"409 Main St, Chicago, USA"
1017,Customer 199,+1-820-444-8101,customer.199.81@demo.com,"734 Third St, Los Angeles, USA"
1076,Customer 325,+1-555-498-6350,customer.325.39@sample.com,"114 Park Ave, Los Angeles, USA"
1081,Customer 164,+1-210-857-1282,customer.164.29@example.com,"124 Fourth St, New York, USA"
1013,Customer 935,+1-890-416-2502,customer.935.91@example.com,"806 Fourth St, Houston, USA"
1073,Customer 657,+1-703-205-1477,customer.657.29@example.com,"903 Park Ave, Chicago, USA"
1001,Customer 464,+1-170-372-2210,customer.464.2@sample.com,"617 Second St, Chicago, USA"
1082,Customer 442,+1-168-615-4563,customer.442.21@example.com,"975 Main St, New York, USA"
1020,Customer 524,+1-789-676-6499,customer.524.10@demo.com,"634 Second St, New York, USA"
1080,Customer 994,+1-109-219-8802,customer.994.95@sample.com,"642 Third St, Houston, USA"
1013,Customer 205,+1-628-933-2315,customer.205.80@demo.com,"614 Main St, Phoenix, USA"
1048,Customer 971,+1-386-985-2539,customer.971.17@demo.com,"593 Second St, Phoenix, USA"
1082,Customer 137,+1-884-135-4545,customer.137.8@example.com,"438 Main St, Los Angeles, USA"
1021,Customer 232,+1-340-590-5297,customer.232.56@sample.com,"409 Fourth St, Houston, USA"
1049,Customer 6,+1-395-183-6134,customer.6.28@sample.com,"825 Main St, Chicago, USA"
1005,Customer 295,+1-918-398-1751,customer.295.44@demo.com,"31 Fourth St, Houston, USA"
1040,Customer 995,+1-346-459-5868,customer.995.63@sample.com,"527 Park Ave, New York, USA"
1067,Customer 376,+1-358-342-2119,customer.376.63@example.com,"770 Third St, Chicago, USA"
1062,Customer 441,+1-303-124-6672,customer.441.15@example.com,"144 Fourth St, Phoenix, USA"
1087,Customer 470,+1-762-807-6012,customer.470.99@example.com,"878 Fourth St, Houston, USA"
1059,Customer 13,+1-169-417-1375,customer.13.62@sample.com,"588 Park Ave, Chicago, USA"
1002,Customer 494,+1-867-655-9258,customer.494.92@example.com,"42 Third St, Chicago, USA"
1099,Customer 326,+1-633-501-4663,customer.326.26@example.com,"224 Third St, Houston, USA"
1054,Customer 469,+1-402-504-4859,customer.469.52@sample.com,"599 Second St, New York, USA"
1078,Customer 552,+1-975-340-5230,customer.552.74@sample.com,"410 Main St, Houston, USA"
1029,Customer 708,+1-685-917-7013,customer.708.69@demo.com,"900 Third St, New York, USA"
1047,Customer 415,+1-567-800-1944,customer.415.29@sample.com,"208 Second St, New York, USA"
1074,Customer 568,+1-279-774-6833,customer.568.12@example.com,"203 Second St, Chicago, USA"
1050,Customer 576,+1-349-545-8097,customer.576.61@demo.com,"910 Park Ave, Chicago, USA"
1025,Customer 207,+1-115-625-2359,customer.207.6@demo.com,"428 Third St, Chicago, USA"
1088,Customer 596,+1-125-672-7654,customer.596.32@sample.com,"841 Third St, New York, USA"
1079,Customer 171,+1-343-905-1037,customer.171.51@sample.com,"22 Second St, Los Angeles, USA"
1092,Customer 944,+1-194-865-9576,customer.944.64@sample.com,"670 Main St, Los Angeles, USA"
1087,Customer 772,+1-487-391-1832,customer.772.79@demo.com,"436 Park Ave, Los Angeles, USA"
1089,Customer 11,+1-791-562-1012,customer.11.14@demo.com,"361 Main St, Phoenix, USA"
1046,Customer 465,+1-102-384-5117,customer.465.37@sample.com,"182 Second St, Phoenix, USA"
1029,Customer 563,+1-359-230-1797,customer.563.59@sample.com,"327 Second St, Los Angeles, USA"
1014,Customer 652,+1-540-211-9181,customer.652.52@demo.com,"760 Fourth St, Houston, USA"
1084,Customer 206,+1-173-874-9675,customer.206.24@sample.com,"582 Second St, New York, USA"
1046,Customer 699,+1-578-471-7407,customer.699.59@example.com,"89 Fourth St, Phoenix, USA"
1099,Customer 19,+1-755-166-5016,customer.19.47@example.com,"847 Main St, Los Angeles, USA"
1071,Customer 530,+1-923-333-9793,customer.530.58@example.com,"886 Main St, Los Angeles, USA"
1042,Customer 350,+1-552-652-3732,customer.350.94@demo.com,"356 Main St, Phoenix, USA"
1020,Customer 905,+1-758-394-7097,customer.905.68@sample.com,"61 Second St, Phoenix, USA"
1053,Customer 639,+1-679-553-8148,customer.639.75@demo.com,"118 Fourth St, Los Angeles, USA"
1086,Customer 396,+1-172-249-6064,customer.396.30@example.com,"46 Main St, Los Angeles, USA"
1023,Customer 463,+1-756-226-8082,customer.463.45@demo.com,"633 Third St, Los Angeles, USA"
1019,Customer 617,+1-702-454-2196,customer.617.90@sample.com,"766 Fourth St, Chicago, USA"
1017,Customer 366,+1-497-919-1285,customer.366.52@demo.com,"943 Fourth St, Phoenix, USA"
1025,Customer 948,+1-588-325-6776,customer.948.34@example.com,"183 Park Ave, Phoenix, USA"
1001,Customer 41,+1-760-174-1740,customer.41.37@sample.com,"478 Third St, Los Angeles, USA"
1034,Customer 49,+1-410-373-7360,customer.49.16@example.com,"186 Park Ave, New York, USA"
1048,Customer 965,+1-368-725-6371,customer.965.71@example.com,"257 Fourth St, Los Angeles, USA"
1006,Customer 220,+1-555-377-2621,customer.220.63@example.com,"810 Main St, Houston, USA"
1011,Customer 957,+1-507-793-2169,customer.957.75@demo.com,"839 Park Ave, Los Angeles, USA"
1036,Customer 713,+1-178-854-1981,customer.713.7@example.com,"642 Second St, Los Angeles, USA"
1033,Customer 17,+1-251-958-8446,customer.17.11@demo.com,"266 Second St, Houston, USA"
1094,Customer 160,+1-861-419-9775,customer.160.65@sample.com,"745 Fourth St, Chicago, USA"
1061,Customer 925,+1-669-788-1244,customer.925.25@demo.com,"618 Second St, Chicago, USA"
1053,Customer 109,+1-305-998-4999,customer.109.78@sample.com,"202 Park Ave, Chicago, USA"
1023,Customer 31,+1-922-748-5880,customer.31.69@demo.com,"107 Fourth St, Chicago, USA"
1033,Customer 229,+1-359-291-6321,customer.229.43@example.com,"901 Fourth St, Houston, USA"
1095,Customer 241,+1-965-183-1191,customer.241.40@demo.com,"315 Third St, New York, USA"
1097,Customer 391,+1-607-749-2904,customer.391.55@sample.com,"689 Third St, Houston, USA"
1011,Customer 710,+1-823-759-2101,customer.710.28@demo.com,"963 Second St, Los Angeles, USA"
1099,Customer 716,+1-474-829-7349,customer.716.14@sample.com,"207 Fourth St, Chicago, USA"
1046,Customer 893,+1-768-925-3326,customer.893.55@sample.com,"168 Park Ave, Houston, USA"
1054,Customer 504,+1-882-298-2501,customer.504.85@example.com,"3 Second St, Houston, USA"
1032,Customer 575,+1-503-301-6495,customer.575.76@sample.com,"474 Main St, Houston, USA"
1007,Customer 797,+1-127-522-1159,customer.797.17@example.com,"458 Fourth St, Phoenix, USA"
1062,Customer 698,+1-831-602-8909,customer.698.43@example.com,"978 Fourth St, Chicago, USA"
1037,Customer 665,+1-409-697-2200,customer.665.4@sample.com,"416 Main St, Los Angeles, USA"
1057,Customer 581,+1-374-842-9277,customer.581.92@sample.com,"518 Second St, Phoenix, USA"
1008,Customer 215,+1-314-538-5523,customer.215.56@sample.com,"358 Park Ave, Houston, USA"
1012,Customer 146,+1-912-429-6239,customer.146.50@example.com,"905 Main St, Houston, USA"
1097,Customer 401,+1-833-322-7936,customer.401.35@example.com,"104 Main St, Chicago, USA"
1014,Customer 337,+1-211-424-9126,customer.337.72@demo.com,"645 Park Ave, Phoenix, USA"
1055,Customer 719,+1-731-691-6161,customer.719.39@demo.com,"324 Third St, Houston, USA"
1033,Customer 613,+1-862-497-7274,customer.613.80@example.com,"152 Second St, Houston, USA"
1090,Customer 912,+1-770-809-1381,customer.912.88@demo.com,"466 Second St, New York, USA"
1072,Customer 775,+1-568-381-6283,customer.775.52@sample.com,"937 Second St, New York, USA"
1017,Customer 694,+1-736-211-1592,customer.694.2@example.com,"57 Second St, New York, USA"
1034,Customer 841,+1-897-974-8347,customer.841.90@example.com,"14 Second St, Houston, USA"
1037,Customer 676,+1-113-880-6459,customer.676.57@demo.com,"272 Third St, Houston, USA"
1072,Customer 452,+1-669-756-3925,customer.452.30@example.com,"744 Fourth St, New York, USA"
1038,Customer 557,+1-101-218-4262,customer.557.65@example.com,"849 Second St, Phoenix, USA"
1079,Customer 953,+1-358-751-6914,customer.953.74@demo.com,"163 Third St, New York, USA"
1011,Customer 941,+1-197-979-8649,customer.941.23@example.com,"335 Fourth St, New York, USA"
1098,Customer 663,+1-684-852-9103,customer.663.16@example.com,"856 Third St, Chicago, USA"
1084,Customer 104,+1-585-531-6146,customer.104.18@example.com,"183 Third St, New York, USA"
1049,Customer 921,+1-983-769-3106,customer.921.36@demo.com,"468 Second St, Chicago, USA"
1029,Customer 542,+1-277-931-8735,customer.542.13@sample.com,"576 Third St, New York, USA"
1076,Customer 950,+1-843-395-1413,customer.950.98@demo.com,"445 Third St, Los Angeles, USA"
1076,Customer 678,+1-140-403-2161,customer.678.52@demo.com,"915 Park Ave, New York, USA"
1066,Customer 368,+1-468-754-2445,customer.368.61@sample.com,"121 Third St, Los Angeles, USA"
1041,Customer 672,+1-564-742-8874,customer.672.15@demo.com,"27 Main St, New York, USA"
1005,Customer 145,+1-138-362-3737,customer.145.7@demo.com,"131 Main St, Phoenix, USA"
1032,Customer 598,+1-505-125-5075,customer.598.64@sample.com,"257 Fourth St, New York, USA"
1090,Customer 439,+1-862-662-4356,customer.439.56@sample.com,"953 Park Ave, Chicago, USA"
1087,Customer 535,+1-758-718-1549,customer.535.89@demo.com,"644 Second St, New York, USA"
1066,Customer 110,+1-654-583-4408,customer.110.71@sample.com,"259 Fourth St, New York, USA"
1075,Customer 113,+1-978-907-4857,customer.113.46@demo.com,"306 Park Ave, Houston, USA"
1059,Customer 958,+1-661-529-9623,customer.958.95@example.com,"63 Park Ave, Los Angeles, USA"
1036,Customer 423,+1-745-338-4536,customer.423.46@demo.com,"553 Main St, Los Angeles, USA"
1075,Customer 309,+1-879-328-3487,customer.309.22@example.com,"579 Third St, New York, USA"
1056,Customer 984,+1-643-874-2094,customer.984.93@example.com,"224 Third St, Phoenix, USA"
1073,Customer 155,+1-222-929-7444,customer.155.21@demo.com,"239 Main St, Houston, USA"
1035,Customer 746,+1-958-670-1307,customer.746.85@example.com,"781 Second St, Los Angeles, USA"
1009,Customer 455,+1-452-791-7818,customer.455.5@sample.com,"663 Third St, New York, USA"
1017,Customer 37,+1-736-783-2769,customer.37.15@demo.com,"868 Park Ave, Houston, USA"
1007,Customer 495,+1-255-934-1205,customer.495.75@sample.com,"494 Main St, New York, USA"
1029,Customer 851,+1-565-874-9127,customer.851.24@sample.com,"32 Third St, Chicago, USA"
1017,Customer 500,+1-996-920-9350,customer.500.53@example.com,"725 Main St, New York, USA"
1008,Customer 768,+1-260-239-4659,customer.768.12@example.com,"619 Second St, Houston, USA"
1088,Customer 510,+1-910-632-9066,customer.510.9@example.com,"274 Main St, Phoenix, USA"
1056,Customer 857,+1-457-791-6527,customer.857.91@demo.com,"336 Fourth St, Los Angeles, USA"
1026,Customer 660,+1-256-921-8300,customer.660.69@sample.com,"867 Park Ave, Chicago, USA"
1017,Customer 675,+1-473-769-7710,customer.675.47@example.com,"155 Main St, Houston, USA"
1015,Customer 477,+1-925-956-9167,customer.477.91@example.com,"525 Main St, Houston, USA"
1038,Customer 359,+1-119-858-2979,customer.359.38@example.com,"82 Main St, Phoenix, USA"
1009,Customer 482,+1-656-213-2566,customer.482.18@example.com,"201 Fourth St, Phoenix, USA"
1053,Customer 370,+1-852-619-8167,customer.370.47@demo.com,"114 Fourth St, Houston, USA"
1015,Customer 880,+1-829-699-7895,customer.880.82@demo.com,"647 Fourth St, New York, USA"
1004,Customer 828,+1-675-423-1079,customer.828.53@sample.com,"878 Second St, Phoenix, USA"
1070,Customer 889,+1-545-101-2359,customer.889.8@example.com,"882 Main St, Houston, USA"
1006,Customer 432,+1-717-235-5000,customer.432.31@sample.com,"522 Third St, Phoenix, USA"
1003,Customer 290,+1-853-135-8630,customer.290.72@sample.com,"904 Third St, Los Angeles, USA"
1085,Customer 792,+1-604-297-8101,customer.792.79@sample.com,"511 Fourth St, New York, USA"
1057,Customer 760,+1-520-404-9481,customer.760.55@sample.com,"434 Third St, Los Angeles, USA"
1086,Customer 174,+1-158-688-3614,customer.174.9@demo.com,"65 Fourth St, Houston, USA"
1082,Customer 621,+1-805-695-1949,customer.621.71@sample.com,"755 Fourth St, Chicago, USA"
1063,Customer 514,+1-548-311-5496,customer.514.7@demo.com,"703 Second St, Houston, USA"
1066,Customer 72,+1-664-429-7704,customer.72.74@sample.com,"511 Second St, New York, USA"
1061,Customer 132,+1-191-260-5244,customer.132.67@sample.com,"23 Main St, Phoenix, USA"
1014,Customer 283,+1-164-317-6546,customer.283.9@sample.com,"455 Main St, Chicago, USA"
1004,Customer 560,+1-576-497-6615,customer.560.84@example.com,"689 Park Ave, Chicago, USA"
1038,Customer 389,+1-230-315-2629,customer.389.73@demo.com,"835 Main St, Phoenix, USA"
1010,Customer 398,+1-171-974-8775,customer.398.40@sample.com,"352 Main St, Phoenix, USA"
1010,Customer 567,+1-506-791-5174,customer.567.75@demo.com,"130 Park Ave, New York, USA"
1094,Customer 64,+1-345-488-6769,customer.64.93@example.com,"874 Main St, Houston, USA"
1002,Customer 181,+1-791-762-8494,customer.181.14@example.com,"195 Main St, Chicago, USA"
1091,Customer 499,+1-171-212-9948,customer.499.44@demo.com,"550 Main St, Phoenix, USA"
1091,Customer 988,+1-429-220-9404,customer.988.45@demo.com,"68 Fourth St, Los Angeles, USA"
1072,Customer 963,+1-668-421-3422,customer.963.14@demo.com,"972 Third St, New York, USA"
1025,Customer 365,+1-932-486-7811,customer.365.88@demo.com,"205 Park Ave, Phoenix, USA"
1092,Customer 24,+1-285-268-2707,customer.24.67@demo.com,"883 Fourth St, Los Angeles, USA"
1062,Customer 854,+1-686-755-9826,customer.854.3@sample.com,"764 Third St, New York, USA"
1037,Customer 820,+1-293-283-4944,customer.820.81@example.com,"589 Park Ave, Phoenix, USA"
1085,Customer 604,+1-757-370-1027,customer.604.9@example.com,"679 Fourth St, Los Angeles, USA"
1030,Customer 93,+1-673-306-4857,customer.93.51@sample.com,"676 Fourth St, Chicago, USA"
1030,Customer 541,+1-188-273-2691,customer.541.96@example.com,"101 Main St, Houston, USA"
1023,Customer 361,+1-800-125-5661,customer.361.79@demo.com,"226 Third St, Houston, USA"
1046,Customer 850,+1-765-463-6830,customer.850.32@sample.com,"572 Fourth St, Houston, USA"
1091,Customer 84,+1-339-874-9551,customer.84.88@example.com,"631 Second St, New York, USA"
1035,Customer 340,+1-525-379-1370,customer.340.76@example.com,"987 Fourth St, Los Angeles, USA"
1044,Customer 640,+1-483-206-3668,customer.640.44@sample.com,"175 Third St, New York, USA"
1069,Customer 625,+1-298-912-9268,customer.625.39@sample.com,"948 Park Ave, Houston, USA"
1045,Customer 544,+1-525-480-9677,customer.544.77@demo.com,"26 Third St, New York, USA"
1057,Customer 911,+1-433-205-6818,customer.911.85@demo.com,"92 Third St, New York, USA"
1098,Customer 18,+1-384-709-9339,customer.18.64@demo.com,"381 Fourth St, New York, USA"
1089,Customer 194,+1-540-137-3749,customer.194.90@example.com,"910 Main St, Phoenix, USA"
1016,Customer 856,+1-934-229-3811,customer.856.1@demo.com,"78 Second St, Houston, USA"
1055,Customer 607,+1-955-543-7577,customer.607.74@sample.com,"399 Fourth St, Houston, USA"
1045,Customer 817,+1-700-276-8371,customer.817.64@example.com,"31 Main St, Houston, USA"
1043,Customer 501,+1-885-879-3298,customer.501.61@sample.com,"217 Park Ave, New York, USA"
1096,Customer 847,+1-976-767-3935,customer.847.30@sample.com,"236 Third St, Chicago, USA"
1088,Customer 180,+1-442-644-4190,customer.180.43@sample.com,"558 Second St, Houston, USA"
1066,Customer 252,+1-419-705-5735,customer.252.99@example.com,"891 Park Ave, Houston, USA"
1077,Customer 289,+1-218-676-7458,customer.289.73@sample.com,"96 Park Ave, Chicago, USA"
1059,Customer 714,+1-517-341-6170,customer.714.96@example.com,"151 Fourth St, Chicago, USA"
1030,Customer 339,+1-777-912-3482,customer.339.97@sample.com,"607 Fourth St, New York, USA"
1040,Customer 654,+1-662-925-4824,customer.654.23@demo.com,"345 Park Ave, Los Angeles, USA"
1005,Customer 96,+1-605-229-5389,customer.96.10@demo.com,"715 Third St, New York, USA"
1067,Customer 582,+1-162-503-2054,customer.582.87@example.com,"774 Main St, Phoenix, USA"
1075,Customer 237,+1-758-431-4927,customer.237.89@demo.com,"9 Park Ave, Chicago, USA"
1044,Customer 202,+1-444-448-9330,customer.202.90@example.com,"607 Park Ave, New York, USA"
1040,Customer 987,+1-938-264-2354,customer.987.77@demo.com,"447 Main St, Houston, USA"
1050,Customer 320,+1-985-100-4403,customer.320.79@example.com,"201 Park Ave, Houston, USA"
1092,Customer 254,+1-442-196-5270,customer.254.45@example.com,"302 Fourth St, Houston, USA"
1093,Customer 545,+1-831-284-4630,customer.545.62@demo.com,"50 Third St, Houston, USA"
1096,Customer 595,+1-269-227-4245,customer.595.31@example.com,"948 Second St, Houston, USA"
1039,Customer 745,+1-257-165-7092,customer.745.64@demo.com,"52 Park Ave, Phoenix, USA"
1067,Customer 947,+1-772-186-4892,customer.947.38@demo.com,"10 Main St, Chicago, USA"
1098,Customer 80,+1-875-345-2364,customer.80.86@sample.com,"947 Third St, Los Angeles, USA"
1025,Customer 874,+1-367-575-9444,customer.874.49@sample.com,"888 Fourth St, Chicago, USA"
1083,Customer 727,+1-739-312-1623,customer.727.69@example.com,"607 Main St, Phoenix, USA"
1075,Customer 492,+1-250-527-4538,customer.492.52@demo.com,"143 Fourth St, New York, USA"
1018,Customer 845,+1-836-178-6781,customer.845.86@example.com,"597 Second St, Houston, USA"
1025,Customer 899,+1-298-490-6768,customer.899.66@example.com,"340 Main St, New York, USA"
1009,Customer 308,+1-319-868-9558,customer.308.17@demo.com,"833 Park Ave, Phoenix, USA"
1071,Customer 788,+1-912-190-5007,customer.788.34@example.com,"904 Fourth St, Phoenix, USA"
1072,Customer 800,+1-750-771-5999,customer.800.37@sample.com,"58 Main St, New York, USA"
1018,Customer 189,+1-406-727-3054,customer.189.38@demo.com,"746 Main St, Phoenix, USA"
1095,Customer 27,+1-570-260-9067,customer.27.83@example.com,"685 Third St, Los Angeles, USA"
1022,Customer 231,+1-857-721-1098,customer.231.48@example.com,"193 Third St, Los Angeles, USA"
1081,Customer 521,+1-692-206-6577,customer.521.34@example.com,"112 Second St, Chicago, USA"
1034,Customer 593,+1-687-546-2152,customer.593.90@example.com,"357 Main St, Chicago, USA"
1013,Customer 843,+1-145-550-1897,customer.843.25@sample.com,"883 Main St, Phoenix, USA"
1072,Customer 586,+1-932-666-1128,customer.586.92@demo.com,"534 Park Ave, Houston, USA"
1082,Customer 81,+1-672-570-7597,customer.81.97@example.com,"943 Main St, Los Angeles, USA"
1078,Customer 151,+1-198-929-8250,customer.151.55@example.com,"46 Second St, New York, USA"
1094,Customer 806,+1-514-607-6272,customer.806.80@sample.com,"58 Third St, Phoenix, USA"
1011,Customer 895,+1-618-404-7837,customer.895.42@example.com,"560 Second St, Chicago, USA"
1015,Customer 410,+1-245-774-9172,customer.410.40@example.com,"142 Park Ave, New York, USA"
1036,Customer 468,+1-824-475-8413,customer.468.98@demo.com,"51 Park Ave, Phoenix, USA"
1055,Customer 475,+1-217-552-5870,customer.475.46@demo.com,"968 Park Ave, Phoenix, USA"
1037,Customer 602,+1-560-903-7015,customer.602.84@sample.com,"970 Second St, Houston, USA"
1038,Customer 89,+1-294-267-9568,customer.89.47@demo.com,"616 Park Ave, Chicago, USA"
1012,Customer 689,+1-839-917-7878,customer.689.17@sample.com,"692 Main St, Phoenix, USA"
1062,Customer 896,+1-208-423-8354,customer.896.3@demo.com,"697 Fourth St, Chicago, USA"
1048,Customer 162,+1-681-724-2767,customer.162.90@demo.com,"145 Fourth St, Phoenix, USA"
1023,Customer 188,+1-954-592-4646,customer.188.11@example.com,"454 Main St, Phoenix, USA"
1081,Customer 771,+1-111-434-9219,customer.771.15@demo.com,"828 Fourth St, Houston, USA"
1062,Customer 539,+1-143-919-1658,customer.539.92@demo.com,"300 Park Ave, Chicago, USA"
1031,Customer 813,+1-354-162-1402,customer.813.54@example.com,"899 Park Ave, Houston, USA"
1041,Customer 219,+1-402-421-2840,customer.219.4@demo.com,"228 Fourth St, Chicago, USA"
1024,Customer 814,+1-857-291-5166,customer.814.53@sample.com,"322 Second St, Los Angeles, USA"
1007,Customer 610,+1-294-705-6959,customer.610.66@demo.com,"130 Fourth St, Phoenix, USA"
1100,Customer 448,+1-671-982-1526,customer.448.82@example.com,"877 Park Ave, New York, USA"
1019,Customer 134,+1-873-918-7132,customer.134.38@example.com,"193 Main St, Phoenix, USA"
1005,Customer 450,+1-808-334-2946,customer.450.72@demo.com,"57 Main St, Chicago, USA"
1009,Customer 946,+1-266-882-6244,customer.946.6@sample.com,"819 Park Ave, Chicago, USA"
1044,Customer 748,+1-220-865-9964,customer.748.54@example.com,"909 Third St, Houston, USA"
1086,Customer 213,+1-769-323-1800,customer.213.15@demo.com,"781 Third St, Los Angeles, USA"
1090,Customer 436,+1-681-402-2165,customer.436.42@example.com,"160 Fourth St, Los Angeles, USA"
1051,Customer 558,+1-102-586-3224,customer.558.24@demo.com,"564 Fourth St, Phoenix, USA"
1025,Customer 776,+1-552-196-7452,customer.776.32@example.com,"587 Main St, New York, USA"
1023,Customer 790,+1-172-784-8714,customer.790.30@example.com,"52 Fourth St, Los Angeles, USA"
1058,Customer 982,+1-382-572-9607,customer.982.1@example.com,"899 Main St, Los Angeles, USA"
1040,Customer 954,+1-462-917-4271,customer.954.9@demo.com,"502 Second St, New York, USA"
1083,Customer 767,+1-698-810-1869,customer.767.74@demo.com,"23 Main St, Los Angeles, USA"
1023,Customer 68,+1-132-167-3234,customer.68.42@sample.com,"36 Second St, New York, USA"
1003,Customer 187,+1-971-180-2270,customer.187.74@example.com,"658 Second St, New York, USA"
1071,Customer 520,+1-549-187-1018,customer.520.4@example.com,"535 Fourth St, New York, USA"
1005,Customer 62,+1-526-755-4746,customer.62.27@example.com,"208 Park Ave, New York, USA"
1089,Customer 351,+1-429-318-7351,customer.351.17@example.com,"557 Third St, Houston, USA"
1049,Customer 150,+1-324-714-7609,customer.150.88@sample.com,"950 Third St, Chicago, USA"
1025,Customer 955,+1-643-311-6392,customer.955.85@example.com,"115 Third St, Phoenix, USA"
1059,Customer 227,+1-242-518-2523,customer.227.81@demo.com,"264 Third St, Los Angeles, USA"
1012,Customer 279,+1-220-991-3446,customer.279.27@example.com,"79 Second St, New York, USA"
1034,Customer 324,+1-754-793-4775,customer.324.54@sample.com,"516 Fourth St, Houston, USA"
1051,Customer 94,+1-147-748-4839,customer.94.67@example.com,"233 Main St, Houston, USA"
1079,Customer 257,+1-100-162-2783,customer.257.12@demo.com,"299 Second St, Chicago, USA"
1094,Customer 636,+1-890-239-9854,customer.636.65@example.com,"4 Fourth St, Houston, USA"
1004,Customer 659,+1-608-251-1381,customer.659.39@sample.com,"766 Fourth St, Los Angeles, USA"
1056,Customer 100,+1-165-579-1458,customer.100.97@demo.com,"565 Second St, Los Angeles, USA"
1025,Customer 203,+1-927-423-5941,customer.203.94@demo.com,"955 Fourth St, Phoenix, USA"
1091,Customer 497,+1-173-148-7728,customer.497.85@demo.com,"806 Third St, Houston, USA"
1061,Customer 163,+1-632-234-2798,customer.163.44@demo.com,"412 Second St, Chicago, USA"
1051,Customer 358,+1-368-960-8902,customer.358.78@sample.com,"969 Park Ave, New York, USA"
1006,Customer 915,+1-808-575-1906,customer.915.73@example.com,"797 Second St, Houston, USA"
1090,Customer 282,+1-455-759-6959,customer.282.66@demo.com,"50 Second St, Los Angeles, USA"
1042,Customer 670,+1-224-937-1792,customer.670.56@example.com,"454 Main St, New York, USA"
1002,Customer 628,+1-379-676-2455,customer.628.63@sample.com,"524 Fourth St, Chicago, USA"
1069,Customer 722,+1-697-212-4772,customer.722.54@example.com,"843 Third St, Houston, USA"
1088,Customer 960,+1-510-996-4924,customer.960.35@sample.com,"479 Second St, Los Angeles, USA"
1021,Customer 466,+1-265-409-9689,customer.466.60@example.com,"82 Fourth St, Houston, USA"
1064,Customer 700,+1-209-406-6319,customer.700.77@sample.com,"662 Second St, New York, USA"
1067,Customer 629,+1-237-368-4811,customer.629.5@demo.com,"279 Park Ave, Los Angeles, USA"
1094,Customer 534,+1-582-318-4131,customer.534.71@example.com,"908 Park Ave, New York, USA"
1059,Customer 502,+1-618-191-3154,customer.502.13@demo.com,"462 Second St, Los Angeles, USA"
1083,Customer 538,+1-549-161-8190,customer.538.38@sample.com,"637 Fourth St, New York, USA"
1093,Customer 129,+1-589-308-4344,customer.129.42@example.com,"457 Main St, Los Angeles, USA"
1046,Customer 148,+1-913-222-5682,customer.148.40@example.com,"255 Park Ave, Phoenix, USA"
1005,Customer 964,+1-211-626-5507,customer.964.8@sample.com,"510 Park Ave, Phoenix, USA"
1074,Customer 759,+1-378-805-2372,customer.759.30@sample.com,"490 Main St, Phoenix, USA"
1054,Customer 603,+1-332-573-4476,customer.603.15@demo.com,"86 Park Ave, Houston, USA"
1064,Customer 76,+1-297-936-4155,customer.76.92@sample.com,"912 Main St, Phoenix, USA"
1066,Customer 263,+1-268-623-1968,customer.263.13@example.com,"79 Park Ave, Phoenix, USA"
1043,Customer 112,+1-173-472-6950,customer.112.30@demo.com,"230 Third St, New York, USA"
1057,Customer 65,+1-407-451-6918,customer.65.41@sample.com,"625 Fourth St, Chicago, USA"
1056,Customer 185,+1-264-739-9748,customer.185.22@sample.com,"264 Third St, New York, USA"
1017,Customer 738,+1-576-221-6431,customer.738.5@demo.com,"242 Second St, Phoenix, USA"
1087,Customer 920,+1-926-337-2326,customer.920.14@sample.com,"212 Second St, Los Angeles, USA"
1040,Customer 711,+1-464-113-5231,customer.711.88@example.com,"762 Third St, Chicago, USA"
1034,Customer 55,+1-943-387-4674,customer.55.69@demo.com,"686 Park Ave, Phoenix, USA"
1034,Customer 149,+1-617-120-7333,customer.149.59@demo.com,"749 Main St, New York, USA"
1086,Customer 830,+1-621-848-5518,customer.830.76@demo.com,"112 Third St, Los Angeles, USA"
1074,Customer 430,+1-319-470-3834,customer.430.78@demo.com,"875 Park Ave, Los Angeles, USA"
1081,Customer 25,+1-359-816-6766,customer.25.25@sample.com,"483 Second St, Phoenix, USA"
1059,Customer 903,+1-620-726-1842,customer.903.46@sample.com,"468 Park Ave, Houston, USA"
1060,Customer 319,+1-554-297-1281,customer.319.98@sample.com,"723 Second St, Phoenix, USA"
1089,Customer 778,+1-348-344-7394,customer.778.56@example.com,"393 Park Ave, Houston, USA"
1074,Customer 102,+1-258-260-2920,customer.102.77@example.com,"923 Second St, New York, USA"
1063,Customer 473,+1-926-694-5731,customer.473.25@demo.com,"779 Second St, Phoenix, USA"
1015,Customer 310,+1-789-631-4521,customer.310.12@sample.com,"381 Park Ave, Chicago, USA"
1011,Customer 7,+1-966-233-9669,customer.7.8@example.com,"158 Park Ave, Houston, USA"
1099,Customer 728,+1-184-615-4389,customer.728.49@demo.com,"270 Main St, Houston, USA"
1050,Customer 927,+1-514-264-2935,customer.927.84@demo.com,"134 Fourth St, New York, USA"
1001,Customer 20,+1-968-669-5071,customer.20.44@example.com,"536 Fourth St, Houston, USA"
1066,Customer 655,+1-344-547-4436,customer.655.67@demo.com,"809 Main St, Chicago, USA"
1072,Customer 904,+1-180-483-6921,customer.904.8@demo.com,"705 Main St, Los Angeles, USA"
1082,Customer 833,+1-417-752-1739,customer.833.69@example.com,"648 Third St, Los Angeles, USA"
1063,Customer 86,+1-129-633-6016,customer.86.34@sample.com,"825 Main St, Chicago, USA"
1038,Customer 190,+1-614-918-3802,customer.190.33@sample.com,"310 Fourth St, New York, USA"
1050,Customer 79,+1-171-322-8962,customer.79.26@demo.com,"490 Park Ave, Los Angeles, USA"
1026,Customer 9,+1-578-739-1366,customer.9.38@example.com,"359 Third St, Phoenix, USA"
1009,Customer 244,+1-889-205-2941,customer.244.7@sample.com,"76 Second St, Chicago, USA"
1093,Customer 906,+1-368-744-7678,customer.906.16@sample.com,"304 Fourth St, Phoenix, USA"
1089,Customer 349,+1-154-460-3755,customer.349.36@sample.com,"262 Park Ave, Phoenix, USA"
1026,Customer 783,+1-752-335-5313,customer.783.24@demo.com,"908 Main St, New York, USA"
1029,Customer 945,+1-918-499-4577,customer.945.36@example.com,"895 Second St, Chicago, USA"
1070,Customer 272,+1-964-204-5840,customer.272.61@sample.com,"420 Main St, Houston, USA"
1042,Customer 139,+1-287-501-3304,customer.139.97@example.com,"476 Third St, Phoenix, USA"
1037,Customer 33,+1-230-551-7659,customer.33.53@example.com,"737 Park Ave, Phoenix, USA"
1039,Customer 355,+1-695-784-8350,customer.355.85@sample.com,"219 Park Ave, Chicago, USA"
1001,Customer 531,+1-419-811-2203,customer.531.64@demo.com,"482 Third St, Houston, USA"
1038,Customer 78,+1-575-352-7006,customer.78.63@demo.com,"471 Fourth St, Chicago, USA"
1074,Customer 645,+1-611-349-1888,customer.645.88@demo.com,"272 Third St, Chicago, USA"
1085,Customer 341,+1-769-348-8034,customer.341.73@demo.com,"794 Second St, Houston, USA"
1096,Customer 5,+1-732-787-5670,customer.5.44@demo.com,"926 Third St, Phoenix, USA"
1042,Customer 743,+1-453-963-6168,customer.743.59@sample.com,"684 Park Ave, Phoenix, USA"
1095,Customer 421,+1-977-928-3607,customer.421.73@example.com,"712 Second St, Los Angeles, USA"
1001,Customer 551,+1-169-329-3155,customer.551.57@sample.com,"674 Third St, New York, USA"
1026,Customer 695,+1-345-958-9179,customer.695.76@demo.com,"542 Second St, Chicago, USA"
1097,Customer 590,+1-919-245-4104,customer.590.86@demo.com,"288 Park Ave, Los Angeles, USA"
1039,Customer 715,+1-843-870-3431,customer.715.86@demo.com,"17 Second St, New York, USA"
1051,Customer 589,+1-454-723-4556,customer.589.34@sample.com,"534 Main St, New York, USA"
1030,Customer 869,+1-516-242-6356,customer.869.65@example.com,"949 Second St, New York, USA"
1011,Customer 712,+1-403-496-9983,customer.712.97@demo.com,"920 Second St, Chicago, USA"
1017,Customer 204,+1-401-393-7076,customer.204.80@demo.com,"439 Main St, Los Angeles, USA"
1064,Customer 223,+1-206-489-4597,customer.223.63@sample.com,"561 Third St, New York, USA"
1026,Customer 165,+1-619-895-7337,customer.165.68@example.com,"276 Park Ave, Chicago, USA"
1022,Customer 515,+1-754-133-1497,customer.515.48@sample.com,"187 Park Ave, Los Angeles, USA"
1099,Customer 848,+1-813-567-9088,customer.848.68@example.com,"645 Fourth St, Chicago, USA"
1053,Customer 705,+1-449-827-4528,customer.705.7@sample.com,"863 Park Ave, Chicago, USA"
1089,Customer 936,+1-520-368-6830,customer.936.64@sample.com,"976 Third St, Phoenix, USA"
1043,Customer 425,+1-726-831-8145,customer.425.61@example.com,"694 Third St, Houston, USA"
1065,Customer 47,+1-496-610-7989,customer.47.40@sample.com,"162 Park Ave, Chicago, USA"
1038,Customer 402,+1-832-315-8398,customer.402.52@sample.com,"978 Second St, Chicago, USA"
1016,Customer 547,+1-201-655-6992,customer.547.86@example.com,"379 Fourth St, Houston, USA"
1094,Customer 864,+1-217-105-5938,customer.864.62@sample.com,"156 Fourth St, Los Angeles, USA"
1027,Customer 392,+1-512-345-5116,customer.392.5@sample.com,"543 Second St, Phoenix, USA"
1011,Customer 429,+1-912-823-1569,customer.429.39@sample.com,"896 Third St, New York, USA"
1004,Customer 348,+1-449-786-5637,customer.348.98@example.com,"223 Fourth St, Chicago, USA"
1020,Customer 428,+1-684-498-8101,customer.428.66@demo.com,"172 Park Ave, Chicago, USA"
1009,Customer 952,+1-103-277-9937,customer.952.93@example.com,"154 Fourth St, Houston, USA"
1027,Customer 420,+1-209-427-2785,customer.420.10@sample.com,"860 Main St, New York, USA"
1014,Customer 356,+1-232-991-6919,customer.356.1@sample.com,"12 Fourth St, Los Angeles, USA"
1079,Customer 796,+1-143-131-2766,customer.796.97@example.com,"629 Fourth St, Phoenix, USA"
1051,Customer 260,+1-260-354-2594,customer.260.12@demo.com,"259 Fourth St, Los Angeles, USA"
1048,Customer 608,+1-327-608-4870,customer.608.33@demo.com,"774 Fourth St, Houston, USA"
1068,Customer 395,+1-326-903-4317,customer.395.73@example.com,"500 Main St, Chicago, USA"
1049,Customer 512,+1-772-445-6419,customer.512.41@example.com,"360 Fourth St, New York, USA"
1029,Customer 383,+1-603-726-7015,customer.383.37@sample.com,"177 Park Ave, Phoenix, USA"
1023,Customer 296,+1-708-148-9849,customer.296.99@sample.com,"191 Main St, Chicago, USA"
1032,Customer 566,+1-508-370-7053,customer.566.55@sample.com,"991 Second St, Chicago, USA"
1066,Customer 397,+1-904-329-1722,customer.397.3@demo.com,"375 Park Ave, New York, USA"
1094,Customer 385,+1-967-871-3089,customer.385.58@example.com,"398 Third St, New York, USA"
1050,Customer 131,+1-635-357-3556,customer.131.73@demo.com,"936 Main St, Houston, USA"
1066,Customer 554,+1-788-397-9598,customer.554.99@sample.com,"447 Fourth St, Los Angeles, USA"
1098,Customer 638,+1-171-261-2781,customer.638.20@example.com,"914 Fourth St, New York, USA"
1047,Customer 405,+1-295-707-7669,customer.405.65@demo.com,"304 Main St, Los Angeles, USA"
1052,Customer 508,+1-726-574-3391,customer.508.75@example.com,"292 Second St, Houston, USA"
1047,Customer 172,+1-970-667-6438,customer.172.12@example.com,"326 Park Ave, New York, USA"
1084,Customer 276,+1-573-289-1418,customer.276.83@sample.com,"726 Third St, Houston, USA"
1057,Customer 198,+1-415-596-8975,customer.198.81@demo.com,"539 Second St, Los Angeles, USA"
1063,Customer 489,+1-498-271-2005,customer.489.17@sample.com,"981 Main St, Houston, USA"
1055,Customer 573,+1-925-515-3184,customer.573.60@example.com,"949 Main St, Phoenix, USA"
1014,Customer 812,+1-275-932-8645,customer.812.30@demo.com,"925 Third St, New York, USA"
1040,Customer 353,+1-344-971-8166,customer.353.95@demo.com,"357 Park Ave, New York, USA"
1087,Customer 802,+1-248-722-6527,customer.802.78@example.com,"243 Main St, New York, USA"
1073,Customer 732,+1-653-908-2112,customer.732.30@sample.com,"394 Second St, Phoenix, USA"
1029,Customer 457,+1-244-407-9583,customer.457.22@demo.com,"954 Third St, Chicago, USA"
1038,Customer 635,+1-818-245-6271,customer.635.94@example.com,"629 Park Ave, Phoenix, USA"
1001,Customer 281,+1-703-228-1539,customer.281.27@example.com,"634 Fourth St, Phoenix, USA"
1022,Customer 658,+1-730-814-3162,customer.658.66@example.com,"618 Main St, Chicago, USA"
1036,Customer 725,+1-320-270-6091,customer.725.56@demo.com,"796 Third St, Chicago, USA"
1029,Customer 414,+1-835-590-6269,customer.414.12@example.com,"910 Second St, New York, USA"
1073,Customer 40,+1-475-257-7347,customer.40.48@sample.com,"153 Third St, Houston, USA"
1083,Customer 344,+1-435-149-5021,customer.344.84@sample.com,"561 Second St, New York, USA"
1045,Customer 269,+1-829-321-3555,customer.269.20@example.com,"569 Fourth St, Chicago, USA"
1045,Customer 867,+1-740-491-4685,customer.867.91@sample.com,"262 Main St, Houston, USA"
1062,Customer 318,+1-441-518-2653,customer.318.88@demo.com,"376 Fourth St, Los Angeles, USA"
1064,Customer 381,+1-618-211-9239,customer.381.53@sample.com,"150 Main St, New York, USA"
1083,Customer 36,+1-877-840-5876,customer.36.34@example.com,"905 Second St, Chicago, USA"
1016,Customer 835,+1-984-906-2949,customer.835.67@example.com,"472 Third St, Los Angeles, USA"
1059,Customer 225,+1-686-475-3774,customer.225.34@sample.com,"972 Main St, Chicago, USA"
1031,Customer 404,+1-525-653-9961,customer.404.76@example.com,"239 Fourth St, Houston, USA"
1094,Customer 63,+1-664-614-5163,customer.63.53@sample.com,"144 Third St, Chicago, USA"
1080,Customer 773,+1-349-604-5193,customer.773.92@sample.com,"826 Park Ave, Los Angeles, USA"
1014,Customer 175,+1-666-228-5999,customer.175.78@example.com,"555 Park Ave, New York, USA"
1023,Customer 114,+1-934-970-9893,customer.114.69@example.com,"908 Second St, Chicago, USA"
1010,Customer 99,+1-302-233-3555,customer.99.23@demo.com,"33 Main St, Phoenix, USA"
1047,Customer 784,+1-626-913-8608,customer.784.12@example.com,"305 Third St, New York, USA"
1040,Customer 329,+1-838-125-4512,customer.329.69@sample.com,"282 Main St, Phoenix, USA"
1020,Customer 726,+1-312-352-9315,customer.726.22@example.com,"406 Main St, Los Angeles, USA"
1039,Customer 807,+1-202-813-9983,customer.807.86@example.com,"531 Fourth St, Chicago, USA"
1001,Customer 561,+1-319-272-3783,customer.561.80@example.com,"977 Fourth St, Houston, USA"
1071,Customer 691,+1-401-145-4965,customer.691.82@sample.com,"332 Third St, New York, USA"
1045,Customer 43,+1-328-147-1267,customer.43.87@example.com,"950 Second St, New York, USA"
1043,Customer 888,+1-846-311-4323,customer.888.97@sample.com,"182 Main St, Houston, USA"
1086,Customer 680,+1-617-997-9974,customer.680.99@example.com,"535 Third St, Chicago, USA"
1041,Customer 913,+1-788-360-6918,customer.913.32@example.com,"599 Second St, New York, USA"
1040,Customer 247,+1-488-678-2558,customer.247.20@example.com,"443 Third St, Los Angeles, USA"
1033,Customer 384,+1-102-585-8683,customer.384.38@demo.com,"416 Park Ave, Phoenix, USA"
1011,Customer 287,+1-482-881-1047,customer.287.4@sample.com,"991 Main St, Houston, USA"
1029,Customer 513,+1-398-386-2908,customer.513.47@demo.com,"563 Park Ave, Phoenix, USA"
1013,Customer 403,+1-504-268-9520,customer.403.68@example.com,"643 Park Ave, Los Angeles, USA"
1068,Customer 870,+1-386-376-9641,customer.870.49@example.com,"266 Fourth St, Chicago, USA"
1015,Customer 780,+1-600-786-4137,customer.780.30@demo.com,"947 Second St, Chicago, USA"
1059,Customer 781,+1-926-935-5154,customer.781.66@demo.com,"628 Park Ave, Los Angeles, USA"
1027,Customer 14,+1-188-800-1256,customer.14.25@demo.com,"884 Third St, New York, USA"
1003,Customer 819,+1-632-227-6314,customer.819.20@example.com,"305 Park Ave, Houston, USA"
1049,Customer 529,+1-906-488-6656,customer.529.95@sample.com,"870 Second St, Phoenix, USA"
1094,Customer 236,+1-318-885-4954,customer.236.15@example.com,"393 Main St, New York, USA"
1100,Customer 212,+1-932-714-7124,customer.212.43@example.com,"739 Park Ave, Houston, USA"
1093,Customer 578,+1-845-787-1391,customer.578.59@example.com,"834 Fourth St, Houston, USA"
1047,Customer 919,+1-715-257-7415,customer.919.55@demo.com,"862 Third St, Chicago, USA"
1033,Customer 2,+1-629-496-2688,customer.2.58@sample.com,"592 Park Ave, Los Angeles, USA"
1026,Customer 267,+1-791-101-4359,customer.267.46@sample.com,"597 Main St, Houston, USA"
1090,Customer 467,+1-533-857-5758,customer.467.64@example.com,"495 Third St, Chicago, USA"
1017,Customer 101,+1-441-806-5721,customer.101.87@sample.com,"175 Fourth St, Phoenix, USA"
1077,Customer 972,+1-749-790-9428,customer.972.89@sample.com,"483 Second St, Chicago, USA"
1053,Customer 230,+1-873-284-7301,customer.230.10@example.com,"861 Main St, Phoenix, USA"
1009,Customer 637,+1-120-353-2241,customer.637.57@demo.com,"395 Second St, New York, USA"
1026,Customer 782,+1-830-597-7409,customer.782.13@example.com,"582 Park Ave, Phoenix, USA"
1054,Customer 56,+1-580-736-1500,customer.56.78@example.com,"623 Third St, New York, USA"
1075,Customer 255,+1-437-793-9107,customer.255.88@sample.com,"573 Main St, Los Angeles, USA"
1069,Customer 26,+1-657-606-3568,customer.26.40@demo.com,"233 Park Ave, Phoenix, USA"
1069,Customer 974,+1-108-519-5124,customer.974.69@demo.com,"363 Park Ave, Chicago, USA"
1030,Customer 646,+1-698-915-9791,customer.646.81@sample.com,"314 Fourth St, Phoenix, USA"
1038,Customer 312,+1-719-288-8345,customer.312.14@sample.com,"525 Fourth St, Phoenix, USA"
1021,Customer 142,+1-517-391-5669,customer.142.15@example.com,"631 Main St, Los Angeles, USA"
1033,Customer 291,+1-863-854-9594,customer.291.68@demo.com,"991 Third St, New York, USA"
1098,Customer 818,+1-745-693-9167,customer.818.16@demo.com,"660 Third St, Los Angeles, USA"
1075,Customer 666,+1-870-319-7181,customer.666.8@sample.com,"646 Main St, New York, USA"
1094,Customer 556,+1-245-503-5909,customer.556.59@example.com,"321 Fourth St, Los Angeles, USA"
1091,Customer 686,+1-408-965-3589,customer.686.71@demo.com,"355 Second St, Houston, USA"
1047,Customer 280,+1-361-827-9752,customer.280.41@sample.com,"249 Main St, Chicago, USA"
1039,Customer 197,+1-482-467-3951,customer.197.4@demo.com,"857 Main St, Los Angeles, USA"
1018,Customer 550,+1-734-304-3787,customer.550.6@demo.com,"110 Park Ave, New York, USA"
1038,Customer 285,+1-291-288-5107,customer.285.59@demo.com,"327 Third St, Los Angeles, USA"
1051,Customer 74,+1-706-546-4715,customer.74.91@example.com,"343 Main St, Los Angeles, USA"
1069,Customer 106,+1-195-314-3241,customer.106.38@example.com,"231 Fourth St, New York, USA"
1049,Customer 15,+1-316-549-4212,customer.15.80@example.com,"509 Second St, Phoenix, USA"
1087,Customer 825,+1-190-400-7036,customer.825.21@sample.com,"711 Park Ave, Houston, USA"
1098,Customer 986,+1-534-284-9046,customer.986.8@demo.com,"608 Third St, Los Angeles, USA"
1067,Customer 983,+1-699-220-8921,customer.983.97@sample.com,"503 Second St, Los Angeles, USA"
1002,Customer 302,+1-632-247-7900,customer.302.87@sample.com,"240 Main St, Los Angeles, USA"
1079,Customer 69,+1-291-312-2623,customer.69.75@example.com,"804 Third St, Los Angeles, USA"
1082,Customer 928,+1-737-401-1087,customer.928.18@demo.com,"436 Second St, Chicago, USA"
1088,Customer 105,+1-111-166-3589,customer.105.1@example.com,"258 Third St, Los Angeles, USA"
1050,Customer 58,+1-202-460-6543,customer.58.72@demo.com,"809 Main St, Phoenix, USA"
1074,Customer 909,+1-253-562-5864,customer.909.1@demo.com,"485 Park Ave, New York, USA"
1009,Customer 798,+1-944-306-5113,customer.798.57@example.com,"16 Main St, New York, USA"
1057,Customer 683,+1-255-507-8392,customer.683.52@sample.com,"348 Third St, Los Angeles, USA"
1001,Customer 328,+1-934-475-4649,customer.328.74@example.com,"524 Second St, Houston, USA"
1017,Customer 103,+1-626-648-7298,customer.103.76@sample.com,"173 Third St, Chicago, USA"
1043,Customer 446,+1-814-635-9546,customer.446.66@example.com,"292 Fourth St, New York, USA"
1023,Customer 434,+1-142-149-1514,customer.434.51@example.com,"485 Park Ave, Los Angeles, USA"
1063,Customer 559,+1-356-972-8701,customer.559.99@example.com,"458 Main St, Los Angeles, USA"
1081,Customer 644,+1-178-993-8649,customer.644.74@demo.com,"571 Park Ave, Houston, USA"
1057,Customer 471,+1-120-356-4600,customer.471.41@example.com,"864 Fourth St, Los Angeles, USA"
1037,Customer 451,+1-955-362-4360,customer.451.73@sample.com,"768 Fourth St, Houston, USA"
1090,Customer 823,+1-353-382-8227,customer.823.36@demo.com,"177 Park Ave, Phoenix, USA"
1077,Customer 975,+1-755-447-9852,customer.975.18@demo.com,"17 Main St, Chicago, USA"
1086,Customer 461,+1-443-950-9715,customer.461.60@demo.com,"96 Third St, Los Angeles, USA"
1024,Customer 249,+1-562-181-6656,customer.249.49@demo.com,"255 Second St, Chicago, USA"
1019,Customer 549,+1-735-688-7023,customer.549.57@example.com,"791 Third St, Houston, USA"
1094,Customer 314,+1-775-481-1608,customer.314.58@example.com,"899 Third St, Los Angeles, USA"
1056,Customer 409,+1-260-407-4934,customer.409.43@demo.com,"873 Park Ave, Houston, USA"
1085,Customer 615,+1-921-506-6965,customer.615.66@example.com,"572 Park Ave, Chicago, USA"
1097,Customer 277,+1-809-964-1788,customer.277.34@demo.com,"622 Park Ave, Phoenix, USA"
1056,Customer 723,+1-211-274-2987,customer.723.36@demo.com,"907 Main St, Los Angeles, USA"
1088,Customer 407,+1-565-547-6279,customer.407.6@demo.com,"582 Second St, Houston, USA"
1035,Customer 313,+1-707-414-1019,customer.313.64@sample.com,"375 Main St, Chicago, USA"
1099,Customer 934,+1-293-526-1929,customer.934.88@sample.com,"246 Third St, Chicago, USA"
1001,Customer 144,+1-356-823-9291,customer.144.56@demo.com,"700 Second St, Chicago, USA"
1017,Customer 66,+1-165-559-3394,customer.66.85@example.com,"601 Main St, Chicago, USA"
1032,Customer 130,+1-218-481-8089,customer.130.25@demo.com,"516 Fourth St, Houston, USA"
1032,Customer 540,+1-827-951-6776,customer.540.8@sample.com,"407 Second St, Los Angeles, USA"
1061,Customer 741,+1-940-329-6479,customer.741.16@example.com,"98 Fourth St, New York, USA"
1062,Customer 852,+1-759-265-3122,customer.852.72@example.com,"981 Third St, Los Angeles, USA"
1027,Customer 154,+1-734-137-2002,customer.154.2@sample.com,"118 Main St, New York, USA"
1077,Customer 897,+1-581-506-4912,customer.897.35@example.com,"793 Park Ave, Houston, USA"
1017,Customer 811,+1-425-689-1066,customer.811.77@sample.com,"615 Third St, Houston, USA"
1097,Customer 90,+1-588-850-2505,customer.90.1@example.com,"466 Park Ave, New York, USA"
1038,Customer 75,+1-278-494-5971,customer.75.69@demo.com,"742 Main St, Chicago, USA"
1008,Customer 266,+1-156-141-9734,customer.266.44@sample.com,"111 Park Ave, Chicago, USA"
1086,Customer 642,+1-676-233-3246,customer.642.45@sample.com,"621 Third St, Houston, USA"
1012,Customer 59,+1-798-304-4085,customer.59.71@example.com,"404 Park Ave, Houston, USA"
1065,Customer 580,+1-335-376-7125,customer.580.32@demo.com,"329 Second St, Chicago, USA"
1026,Customer 486,+1-493-985-3271,customer.486.8@example.com,"125 Main St, Phoenix, USA"
1053,Customer 877,+1-663-537-6352,customer.877.56@example.com,"776 Second St, Phoenix, USA"
1020,Customer 632,+1-938-454-3894,customer.632.46@demo.com,"323 Park Ave, New York, USA"
1006,Customer 991,+1-645-929-8139,customer.991.68@sample.com,"534 Fourth St, Chicago, USA"
1074,Customer 400,+1-398-847-4364,customer.400.71@example.com,"77 Second St, Los Angeles, USA"
1094,Customer 259,+1-118-130-2234,customer.259.90@demo.com,"617 Fourth St, New York, USA"
1087,Customer 178,+1-536-925-7436,customer.178.87@example.com,"902 Second St, Phoenix, USA"
1100,Customer 406,+1-724-176-2300,customer.406.81@demo.com,"208 Fourth St, Los Angeles, USA"
1003,Customer 914,+1-392-434-5074,customer.914.33@demo.com,"285 Third St, Los Angeles, USA"
1086,Customer 12,+1-635-267-3317,customer.12.93@example.com,"195 Main St, New York, USA"
1051,Customer 268,+1-237-716-8679,customer.268.3@sample.com,"227 Second St, New York, USA"
1096,Customer 979,+1-642-772-9918,customer.979.90@sample.com,"593 Park Ave, New York, USA"
1014,Customer 868,+1-948-694-7846,customer.868.86@example.com,"884 Fourth St, Los Angeles, USA"
1062,Customer 239,+1-513-626-5526,customer.239.57@sample.com,"266 Park Ave, Chicago, USA"
1062,Customer 261,+1-213-603-2952,customer.261.68@sample.com,"394 Second St, Chicago, USA"
1068,Customer 274,+1-376-872-9098,customer.274.78@sample.com,"638 Main St, Los Angeles, USA"
1056,Customer 942,+1-598-329-6376,customer.942.90@sample.com,"218 Park Ave, Houston, USA"
1036,Customer 422,+1-498-682-8660,customer.422.15@example.com,"554 Second St, Phoenix, USA"
1003,Customer 747,+1-436-770-9974,customer.747.72@demo.com,"818 Second St, Chicago, USA"
1013,Customer 300,+1-580-826-3314,customer.300.10@demo.com,"214 Second St, New York, USA"
1019,Customer 616,+1-433-119-7348,customer.616.39@sample.com,"360 Park Ave, Houston, USA"
1004,Customer 98,+1-984-448-4051,customer.98.91@demo.com,"662 Park Ave, Phoenix, USA"
1055,Customer 761,+1-117-163-4945,customer.761.72@example.com,"571 Fourth St, Chicago, USA"
1077,Customer 16,+1-260-131-6943,customer.16.3@sample.com,"142 Second St, Houston, USA"
1068,Customer 601,+1-915-893-9382,customer.601.16@sample.com,"205 Park Ave, Chicago, USA"
1038,Customer 673,+1-392-820-5022,customer.673.61@demo.com,"949 Third St, Houston, USA"
1048,Customer 1000,+1-462-720-8219,customer.1000.7@demo.com,"443 Second St, Los Angeles, USA"
1010,Customer 786,+1-700-688-2671,customer.786.43@sample.com,"974 Main St, Phoenix, USA"
1059,Customer 184,+1-615-939-8103,customer.184.38@example.com,"162 Main St, Houston, USA"
1087,Customer 572,+1-359-775-7732,customer.572.29@sample.com,"805 Main St, Chicago, USA"
1047,Customer 157,+1-493-751-2617,customer.157.52@example.com,"8 Second St, New York, USA"
1076,Customer 447,+1-570-204-2345,customer.447.9@demo.com,"212 Park Ave, Houston, USA"
1063,Customer 907,+1-477-475-6020,customer.907.71@demo.com,"448 Main St, Houston, USA"
1006,Customer 292,+1-206-138-7724,customer.292.77@sample.com,"357 Fourth St, Phoenix, USA"
1095,Customer 805,+1-273-942-9396,customer.805.94@demo.com,"18 Main St, Chicago, USA"
1019,Customer 275,+1-440-551-8160,customer.275.39@example.com,"280 Main St, Houston, USA"
1001,Customer 739,+1-211-960-2705,customer.739.97@demo.com,"188 Park Ave, Phoenix, USA"
1060,Customer 338,+1-357-627-2373,customer.338.74@sample.com,"600 Second St, Los Angeles, USA"
1098,Customer 77,+1-768-184-3504,customer.77.86@demo.com,"876 Second St, Chicago, USA"
1026,Customer 222,+1-194-855-6054,customer.222.98@demo.com,"700 Second St, Phoenix, USA"
1049,Customer 519,+1-925-226-8454,customer.519.70@sample.com,"723 Third St, New York, USA"
1054,Customer 918,+1-954-313-1942,customer.918.53@demo.com,"368 Fourth St, Houston, USA"
1067,Customer 127,+1-853-459-6448,customer.127.34@example.com,"168 Main St, Los Angeles, USA"
1010,Customer 209,+1-226-923-7661,customer.209.91@example.com,"179 Main St, Los Angeles, USA"
1059,Customer 647,+1-582-935-7315,customer.647.98@sample.com,"169 Third St, Los Angeles, USA"
1026,Customer 424,+1-679-889-9491,customer.424.85@sample.com,"867 Second St, Houston, USA"
1075,Customer 118,+1-889-637-5053,customer.118.23@demo.com,"905 Park Ave, New York, USA"
1099,Customer 839,+1-220-233-5815,customer.839.8@demo.com,"642 Park Ave, Los Angeles, USA"
1100,Customer 288,+1-416-308-6666,customer.288.76@demo.com,"698 Third St, New York, USA"
1065,Customer 304,+1-851-843-9433,customer.304.48@sample.com,"748 Third St, Houston, USA"
1026,Customer 733,+1-829-327-2314,customer.733.95@demo.com,"15 Third St, Houston, USA"
1072,Customer 52,+1-737-574-6444,customer.52.91@demo.com,"790 Fourth St, New York, USA"
1044,Customer 298,+1-123-320-2983,customer.298.93@sample.com,"786 Park Ave, Houston, USA"
1073,Customer 736,+1-400-298-5583,customer.736.56@sample.com,"999 Fourth St, Chicago, USA"
1018,Customer 809,+1-181-617-2607,customer.809.14@demo.com,"852 Fourth St, New York, USA"
1001,Customer 623,+1-928-781-5224,customer.623.60@sample.com,"751 Second St, Los Angeles, USA"
1029,Customer 411,+1-834-877-4379,customer.411.39@demo.com,"871 Third St, Chicago, USA"
1080,Customer 765,+1-574-931-6364,customer.765.40@sample.com,"440 Fourth St, Houston, USA"
1059,Customer 999,+1-740-857-5094,customer.999.45@sample.com,"566 Third St, Houston, USA"
1089,Customer 740,+1-617-296-3506,customer.740.61@example.com,"438 Main St, Houston, USA"
1060,Customer 445,+1-813-421-9535,customer.445.95@example.com,"804 Second St, Chicago, USA"
1040,Customer 687,+1-108-269-4239,customer.687.89@demo.com,"80 Park Ave, Houston, USA"
1094,Customer 240,+1-478-994-7571,customer.240.52@sample.com,"955 Third St, Phoenix, USA"
1037,Customer 342,+1-280-802-8142,customer.342.94@sample.com,"392 Second St, Houston, USA"
1095,Customer 117,+1-893-510-1677,customer.117.61@demo.com,"305 Third St, Phoenix, USA"
1082,Customer 496,+1-885-254-6691,customer.496.40@example.com,"853 Fourth St, New York, USA"
1049,Customer 316,+1-704-702-4716,customer.316.39@example.com,"186 Park Ave, New York, USA"
1056,Customer 537,+1-601-232-7196,customer.537.80@example.com,"226 Third St, Los Angeles, USA"
1019,Customer 753,+1-739-432-4439,customer.753.40@demo.com,"507 Third St, Los Angeles, USA"
1013,Customer 832,+1-479-630-1331,customer.832.83@example.com,"138 Second St, Houston, USA"
1024,Customer 505,+1-958-948-4574,customer.505.7@example.com,"2 Fourth St, New York, USA"
1078,Customer 39,+1-407-825-4044,customer.39.96@example.com,"336 Main St, Houston, USA"
1034,Customer 570,+1-113-198-9448,customer.570.12@example.com,"596 Third St, Los Angeles, USA"
1035,Customer 488,+1-823-911-3600,customer.488.7@sample.com,"2 Third St, New York, USA"
1009,Customer 323,+1-194-885-4194,customer.323.99@sample.com,"364 Main St, Houston, USA"
1010,Customer 297,+1-736-800-2540,customer.297.58@example.com,"600 Fourth St, Phoenix, USA"
1093,Customer 981,+1-548-909-6999,customer.981.47@demo.com,"962 Third St, Phoenix, USA"
1063,Customer 892,+1-557-976-7172,customer.892.19@demo.com,"397 Main St, Los Angeles, USA"
1029,Customer 388,+1-535-126-4114,customer.388.20@example.com,"426 Third St, New York, USA"
1065,Customer 703,+1-438-910-6916,customer.703.68@example.com,"76 Park Ave, Phoenix, USA"
1052,Customer 408,+1-591-412-3039,customer.408.75@example.com,"231 Second St, Chicago, USA"
1055,Customer 393,+1-507-556-6563,customer.393.42@example.com,"832 Park Ave, Los Angeles, USA"
1018,Customer 668,+1-846-302-8973,customer.668.64@sample.com,"297 Main St, Chicago, USA"
1098,Customer 224,+1-772-170-1663,customer.224.63@example.com,"210 Third St, Phoenix, USA"
1074,Customer 35,+1-637-558-7679,customer.35.22@sample.com,"219 Third St, Los Angeles, USA"
1008,Customer 562,+1-489-601-3808,customer.562.95@example.com,"670 Fourth St, Los Angeles, USA"
1064,Customer 284,+1-916-173-3758,customer.284.42@demo.com,"335 Fourth St, New York, USA"
1029,Customer 619,+1-267-467-1535,customer.619.88@demo.com,"271 Third St, Houston, USA"
1095,Customer 769,+1-630-492-3448,customer.769.25@example.com,"302 Park Ave, New York, USA"
1009,Customer 922,+1-457-803-9839,customer.922.88@demo.com,"792 Third St, Los Angeles, USA"
1055,Customer 838,+1-313-842-9697,customer.838.17@example.com,"585 Second St, Chicago, USA"
1051,Customer 503,+1-674-489-2381,customer.503.11@sample.com,"211 Second St, Houston, USA"
1057,Customer 485,+1-306-663-1378,customer.485.25@example.com,"576 Second St, Chicago, USA"
1027,Customer 386,+1-108-918-4680,customer.386.66@sample.com,"47 Park Ave, Los Angeles, USA"
1063,Customer 161,+1-628-940-6279,customer.161.83@demo.com,"309 Second St, Chicago, USA"
1013,Customer 533,+1-621-300-8513,customer.533.82@sample.com,"826 Park Ave, Houston, USA"
1032,Customer 846,+1-972-382-6435,customer.846.54@sample.com,"463 Main St, Los Angeles, USA"
1026,Customer 156,+1-932-166-8017,customer.156.81@sample.com,"907 Main St, Houston, USA"
1087,Customer 664,+1-253-336-2244,customer.664.10@demo.com,"654 Second St, Phoenix, USA"
1015,Customer 827,+1-555-630-6147,customer.827.24@sample.com,"96 Second St, Chicago, USA"
1051,Customer 85,+1-617-419-8398,customer.85.48@sample.com,"878 Fourth St, Houston, USA"
1007,Customer 186,+1-317-846-5852,customer.186.45@demo.com,"924 Fourth St, Chicago, USA"
1098,Customer 910,+1-255-724-7381,customer.910.7@example.com,"515 Park Ave, Chicago, USA"
1068,Customer 208,+1-892-972-7659,customer.208.6@demo.com,"517 Second St, Los Angeles, USA"
1079,Customer 92,+1-688-270-4477,customer.92.53@demo.com,"997 Second St, Chicago, USA"
1050,Customer 293,+1-279-111-2149,customer.293.62@sample.com,"657 Second St, New York, USA"
1059,Customer 810,+1-706-915-6074,customer.810.66@demo.com,"570 Main St, Houston, USA"
1098,Customer 87,+1-255-729-3899,customer.87.89@sample.com,"782 Main St, Los Angeles, USA"
1098,Customer 959,+1-714-644-4044,customer.959.52@demo.com,"948 Second St, New York, USA"
1031,Customer 454,+1-785-996-9814,customer.454.16@example.com,"90 Second St, Los Angeles, USA"
1098,Customer 751,+1-528-639-8985,customer.751.41@sample.com,"13 Main St, Chicago, USA"
1042,Customer 218,+1-599-192-8177,customer.218.73@sample.com,"270 Fourth St, Houston, USA"
1092,Customer 138,+1-322-963-5625,customer.138.37@example.com,"819 Fourth St, Houston, USA"
1006,Customer 251,+1-323-683-4139,customer.251.99@sample.com,"854 Third St, Chicago, USA"
1097,Customer 444,+1-701-789-5752,customer.444.23@sample.com,"475 Third St, Chicago, USA"
1084,Customer 861,+1-780-851-7315,customer.861.24@sample.com,"241 Park Ave, New York, USA"
1049,Customer 523,+1-723-831-7387,customer.523.76@demo.com,"616 Park Ave, Los Angeles, USA"
1067,Customer 210,+1-228-610-9614,customer.210.75@demo.com,"604 Fourth St, Los Angeles, USA"
1079,Customer 264,+1-341-474-5234,customer.264.55@demo.com,"562 Second St, Phoenix, USA"
1025,Customer 677,+1-701-638-8048,customer.677.54@sample.com,"184 Third St, Phoenix, USA"
1026,Customer 182,+1-284-605-5741,customer.182.43@example.com,"462 Park Ave, Phoenix, USA"
1039,Customer 849,+1-952-561-1116,customer.849.76@example.com,"74 Second St, Houston, USA"
1068,Customer 416,+1-128-973-6751,customer.416.85@example.com,"360 Main St, New York, USA"
1049,Customer 865,+1-582-231-4593,customer.865.87@demo.com,"663 Fourth St, Los Angeles, USA"
1042,Customer 951,+1-936-234-7668,customer.951.29@demo.com,"377 Second St, Chicago, USA"
1046,Customer 437,+1-301-306-1414,customer.437.54@example.com,"47 Third St, Los Angeles, USA"
1051,Customer 456,+1-730-424-4299,customer.456.29@sample.com,"408 Park Ave, Phoenix, USA"
1060,Customer 332,+1-289-901-1737,customer.332.91@sample.com,"449 Third St, Houston, USA"
1005,Customer 343,+1-750-177-8028,customer.343.11@demo.com,"826 Park Ave, Phoenix, USA"
1012,Customer 763,+1-116-542-1140,customer.763.28@sample.com,"284 Second St, Chicago, USA"
1055,Customer 824,+1-217-522-9722,customer.824.68@sample.com,"739 Park Ave, Phoenix, USA"
1004,Customer 121,+1-782-879-1209,customer.121.3@example.com,"366 Fourth St, Houston, USA"
1012,Customer 631,+1-710-922-2854,customer.631.7@demo.com,"426 Park Ave, Houston, USA"
1043,Customer 821,+1-971-423-7303,customer.821.69@demo.com,"712 Third St, Phoenix, USA"
1051,Customer 42,+1-403-161-2210,customer.42.70@demo.com,"532 Third St, Chicago, USA"
1003,Customer 57,+1-737-151-9083,customer.57.32@sample.com,"976 Fourth St, New York, USA"
1085,Customer 681,+1-500-883-6129,customer.681.78@sample.com,"592 Second St, Chicago, USA"
1033,Customer 511,+1-130-346-2120,customer.511.37@demo.com,"353 Park Ave, Phoenix, USA"
1070,Customer 143,+1-228-440-3857,customer.143.89@example.com,"776 Second St, New York, USA"
1006,Customer 685,+1-653-495-6253,customer.685.74@sample.com,"953 Fourth St, Houston, USA"
1010,Customer 294,+1-162-943-4153,customer.294.10@example.com,"918 Third St, Los Angeles, USA"
1056,Customer 123,+1-994-953-9818,customer.123.62@demo.com,"560 Main St, Los Angeles, USA"
1002,Customer 419,+1-741-623-9951,customer.419.22@sample.com,"394 Second St, Houston, USA"
1040,Customer 737,+1-205-500-8872,customer.737.17@sample.com,"417 Third St, Houston, USA"
1037,Customer 634,+1-993-330-2681,customer.634.14@example.com,"223 Third St, Houston, USA"
1051,Customer 536,+1-745-320-5012,customer.536.65@demo.com,"555 Third St, New York, USA"
1015,Customer 382,+1-691-986-7176,customer.382.32@demo.com,"293 Main St, Phoenix, USA"
1014,Customer 939,+1-803-496-9987,customer.939.45@example.com,"659 Second St, Chicago, USA"
1062,Customer 929,+1-316-672-1178,customer.929.67@demo.com,"252 Third St, Chicago, USA"
1035,Customer 926,+1-659-400-1479,customer.926.8@demo.com,"835 Park Ave, Phoenix, USA"
1084,Customer 253,+1-442-693-6852,customer.253.78@example.com,"585 Park Ave, Houston, USA"
1085,Customer 696,+1-491-427-2238,customer.696.77@demo.com,"829 Fourth St, Houston, USA"
1036,Customer 248,+1-800-173-2028,customer.248.96@sample.com,"632 Main St, Los Angeles, USA"
1048,Customer 799,+1-202-681-8798,customer.799.88@demo.com,"739 Main St, New York, USA"
1005,Customer 633,+1-428-658-3896,customer.633.76@demo.com,"584 Second St, Los Angeles, USA"
1090,Customer 491,+1-663-681-1958,customer.491.41@demo.com,"971 Park Ave, Los Angeles, USA"
1032,Customer 357,+1-873-449-7436,customer.357.67@demo.com,"858 Third St, New York, USA"
1078,Customer 597,+1-587-990-3626,customer.597.73@demo.com,"731 Park Ave, Chicago, USA"
1007,Customer 794,+1-970-440-8825,customer.794.29@sample.com,"357 Fourth St, New York, USA"
1053,Customer 30,+1-582-803-2176,customer.30.49@sample.com,"121 Second St, New York, USA"
1047,Customer 435,+1-843-830-5671,customer.435.63@demo.com,"733 Park Ave, Los Angeles, USA"
1008,Customer 168,+1-230-369-7059,customer.168.92@example.com,"622 Fourth St, Houston, USA"
1005,Customer 917,+1-395-674-9654,customer.917.71@sample.com,"415 Fourth St, Chicago, USA"
1082,Customer 609,+1-402-133-1361,customer.609.83@sample.com,"531 Third St, New York, USA"
1066,Customer 734,+1-521-166-9290,customer.734.67@sample.com,"546 Fourth St, Chicago, USA"
1077,Customer 44,+1-826-901-5349,customer.44.39@demo.com,"664 Main St, Houston, USA"
1005,Customer 271,+1-863-114-7369,customer.271.56@example.com,"494 Main St, Chicago, USA"
1074,Customer 611,+1-407-746-5443,customer.611.28@example.com,"911 Third St, Los Angeles, USA"
1031,Customer 246,+1-456-499-7222,customer.246.36@example.com,"539 Main St, Phoenix, USA"
1096,Customer 126,+1-215-699-2853,customer.126.59@demo.com,"194 Third St, Los Angeles, USA"
1090,Customer 176,+1-482-487-9276,customer.176.2@demo.com,"836 Park Ave, Houston, USA"
1088,Customer 91,+1-343-680-2010,customer.91.77@sample.com,"481 Second St, Chicago, USA"
1075,Customer 73,+1-980-725-8617,customer.73.51@demo.com,"977 Park Ave, New York, USA"
1058,Customer 661,+1-262-374-9909,customer.661.18@demo.com,"956 Second St, Chicago, USA"
1040,Customer 548,+1-150-408-6153,customer.548.51@demo.com,"329 Second St, Phoenix, USA"
1088,Customer 992,+1-886-526-2732,customer.992.50@example.com,"912 Third St, Houston, USA"
1055,Customer 22,+1-996-964-1398,customer.22.69@example.com,"375 Third St, Chicago, USA"
1015,Customer 363,+1-480-622-9741,customer.363.48@sample.com,"483 Second St, Los Angeles, USA"
1028,Customer 177,+1-609-825-3674,customer.177.3@demo.com,"973 Park Ave, Houston, USA"
1073,Customer 879,+1-313-938-2853,customer.879.98@demo.com,"197 Second St, Los Angeles, USA"
1021,Customer 21,+1-892-378-1442,customer.21.59@demo.com,"340 Park Ave, Chicago, USA"
1042,Customer 380,+1-765-181-6176,customer.380.99@sample.com,"328 Park Ave, Houston, USA"
1019,Customer 993,+1-802-320-6111,customer.993.38@sample.com,"367 Main St, Los Angeles, USA"
1032,Customer 785,+1-749-505-8911,customer.785.86@example.com,"54 Fourth St, Chicago, USA"
1024,Customer 720,+1-632-621-3872,customer.720.28@example.com,"583 Second St, Houston, USA"
1010,Customer 692,+1-116-677-6479,customer.692.37@example.com,"473 Main St, Houston, USA"
1022,Customer 721,+1-252-411-6413,customer.721.60@example.com,"881 Park Ave, Phoenix, USA"
1016,Customer 600,+1-391-888-9053,customer.600.37@demo.com,"777 Park Ave, Houston, USA"
1033,Customer 394,+1-364-759-7327,customer.394.7@sample.com,"415 Third St, Los Angeles, USA"
1054,Customer 474,+1-901-361-6748,customer.474.37@example.com,"667 Second St, Los Angeles, USA"
1088,Customer 766,+1-549-901-5446,customer.766.29@sample.com,"633 Third St, Chicago, USA"
1020,Customer 924,+1-245-958-2375,customer.924.37@example.com,"147 Fourth St, Phoenix, USA"
1060,Customer 970,+1-694-961-1399,customer.970.61@sample.com,"364 Fourth St, Houston, USA"
1028,Customer 517,+1-828-562-7171,customer.517.80@sample.com,"401 Fourth St, New York, USA"
1093,Customer 334,+1-917-508-1339,customer.334.18@demo.com,"861 Second St, Chicago, USA"
1079,Customer 83,+1-224-114-1629,customer.83.95@demo.com,"428 Main St, Houston, USA"
1003,Customer 866,+1-662-960-1293,customer.866.32@sample.com,"143 Third St, Los Angeles, USA"
1092,Customer 996,+1-605-157-8994,customer.996.58@sample.com,"298 Main St, New York, USA"
1073,Customer 480,+1-314-350-7359,customer.480.19@demo.com,"12 Third St, Houston, USA"
1017,Customer 307,+1-514-115-4368,customer.307.77@sample.com,"237 Fourth St, Los Angeles, USA"
1097,Customer 360,+1-812-504-2918,customer.360.8@demo.com,"340 Main St, New York, USA"
1054,Customer 61,+1-565-403-8772,customer.61.31@sample.com,"48 Second St, Los Angeles, USA"
1074,Customer 196,+1-801-283-3064,customer.196.37@example.com,"336 Third St, Houston, USA"
1073,Customer 306,+1-477-487-3256,customer.306.7@sample.com,"551 Park Ave, Houston, USA"
1061,Customer 140,+1-753-235-9129,customer.140.7@sample.com,"425 Fourth St, Los Angeles, USA"
1067,Customer 588,+1-236-962-8622,customer.588.58@sample.com,"744 Park Ave, Los Angeles, USA"
1025,Customer 506,+1-757-672-4191,customer.506.48@demo.com,"550 Fourth St, New York, USA"
1002,Customer 299,+1-414-393-6796,customer.299.40@demo.com,"652 Main St, New York, USA"
1015,Customer 192,+1-672-661-9313,customer.192.37@sample.com,"145 Second St, Houston, USA"
1090,Customer 201,+1-199-984-7581,customer.201.72@demo.com,"944 Second St, Los Angeles, USA"
1071,Customer 900,+1-870-945-6617,customer.900.7@sample.com,"739 Park Ave, Phoenix, USA"
1063,Customer 362,+1-781-494-4048,customer.362.20@sample.com,"995 Park Ave, Phoenix, USA"
1051,Customer 373,+1-603-374-7322,customer.373.35@example.com,"930 Park Ave, Phoenix, USA"
1085,Customer 669,+1-547-594-7827,customer.669.9@demo.com,"240 Second St, Phoenix, USA"
1026,Customer 273,+1-592-418-2242,customer.273.55@sample.com,"164 Third St, Chicago, USA"
1005,Customer 862,+1-934-417-1854,customer.862.28@demo.com,"803 Fourth St, Los Angeles, USA"
1098,Customer 898,+1-608-968-2421,customer.898.89@sample.com,"749 Second St, Chicago, USA"
1014,Customer 183,+1-788-633-4787,customer.183.36@demo.com,"3 Third St, Phoenix, USA"
1069,Customer 317,+1-222-539-6022,customer.317.41@example.com,"386 Second St, New York, USA"
1001,Customer 167,+1-621-469-5896,customer.167.97@example.com,"576 Second St, Phoenix, USA"
1005,Customer 1,+1-296-932-7189,customer.1.1@sample.com,"745 Main St, Los Angeles, USA"
1030,Customer 82,+1-870-106-3954,customer.82.78@sample.com,"38 Park Ave, Los Angeles, USA"
1059,Customer 998,+1-185-203-1204,customer.998.87@example.com,"30 Fourth St, Houston, USA"
1026,Customer 707,+1-486-890-6578,customer.707.31@example.com,"711 Second St, New York, USA"
1063,Customer 305,+1-801-840-7209,customer.305.87@sample.com,"566 Fourth St, Phoenix, USA"
1028,Customer 195,+1-690-444-2361,customer.195.81@sample.com,"169 Second St, Chicago, USA"
1040,Customer 977,+1-479-798-8285,customer.977.70@example.com,"759 Fourth St, Chicago, USA"
1098,Customer 718,+1-980-410-4446,customer.718.34@example.com,"144 Second St, New York, USA"
1039,Customer 53,+1-455-189-6161,customer.53.11@example.com,"947 Second St, Houston, USA"
1096,Customer 532,+1-956-467-7639,customer.532.56@demo.com,"587 Main St, Los Angeles, USA"
1053,Customer 32,+1-248-287-8820,customer.32.4@example.com,"934 Park Ave, Phoenix, USA"
1005,Customer 399,+1-496-183-5835,customer.399.84@sample.com,"105 Main St, Phoenix, USA"
1017,Customer 758,+1-285-626-9168,customer.758.49@sample.com,"924 Park Ave, Los Angeles, USA"
1098,Customer 731,+1-144-757-4759,customer.731.77@demo.com,"225 Second St, Houston, USA"
1099,Customer 808,+1-164-216-4747,customer.808.25@demo.com,"450 Third St, Chicago, USA"
1055,Customer 115,+1-237-556-7966,customer.115.61@sample.com,"76 Fourth St, Houston, USA"
1033,Customer 834,+1-188-703-9233,customer.834.6@sample.com,"3 Third St, Houston, USA"
1051,Customer 749,+1-746-885-8735,customer.749.17@example.com,"559 Main St, Chicago, USA"
1095,Customer 606,+1-987-604-2264,customer.606.70@demo.com,"437 Fourth St, Phoenix, USA"
1045,Customer 153,+1-284-621-2248,customer.153.44@sample.com,"561 Third St, New York, USA"
1062,Customer 238,+1-552-251-5911,customer.238.53@sample.com,"904 Main St, Los Angeles, USA"
1072,Customer 335,+1-252-664-4051,customer.335.13@example.com,"319 Main St, Phoenix, USA"
1045,Customer 978,+1-511-455-3301,customer.978.79@demo.com,"946 Second St, Los Angeles, USA"
1003,Customer 29,+1-574-952-6582,customer.29.54@example.com,"463 Park Ave, Houston, USA"
1013,Customer 440,+1-468-591-6465,customer.440.19@demo.com,"699 Fourth St, Chicago, USA"
1045,Customer 418,+1-227-866-6885,customer.418.45@demo.com,"828 Main St, Chicago, USA"
1054,Customer 587,+1-355-330-4568,customer.587.17@example.com,"60 Third St, Chicago, USA"
1044,Customer 270,+1-226-364-2735,customer.270.75@example.com,"392 Third St, Chicago, USA"
1066,Customer 837,+1-206-210-8444,customer.837.21@example.com,"292 Second St, Houston, USA"
1007,Customer 577,+1-377-211-4544,customer.577.33@demo.com,"696 Second St, Houston, USA"
1086,Customer 158,+1-669-760-6524,customer.158.99@sample.com,"431 Fourth St, Phoenix, USA"
1092,Customer 453,+1-653-449-2223,customer.453.82@sample.com,"54 Main St, Phoenix, USA"
1064,Customer 333,+1-857-667-2299,customer.333.57@demo.com,"669 Main St, Phoenix, USA"
1088,Customer 894,+1-382-578-2002,customer.894.99@example.com,"190 Main St, Houston, USA"
1078,Customer 345,+1-416-210-6970,customer.345.90@demo.com,"988 Main St, Los Angeles, USA"
1041,Customer 487,+1-122-756-1109,customer.487.62@sample.com,"859 Main St, Houston, USA"
1025,Customer 656,+1-466-797-2310,customer.656.34@example.com,"441 Second St, Phoenix, USA"
1095,Customer 250,+1-875-504-2878,customer.250.26@sample.com,"664 Main St, Chicago, USA"
1008,Customer 412,+1-645-470-5077,customer.412.80@sample.com,"699 Third St, Houston, USA"
1060,Customer 816,+1-162-396-1771,customer.816.55@sample.com,"453 Fourth St, Los Angeles, USA"
1054,Customer 702,+1-130-713-1098,customer.702.30@sample.com,"438 Fourth St, Houston, USA"
1018,Customer 4,+1-756-713-6966,customer.4.99@sample.com,"383 Park Ave, Houston, USA"
